Source,Target,Weight,Type
Ahri,Irelia,9,Undirected
Ahri,Janna,16,Undirected
Ahri,Jinx,9,Undirected
Ahri,RekSai,21,Undirected
Irelia,Janna,8,Undirected
Irelia,Jinx,3,Undirected
Irelia,RekSai,39,Undirected
Janna,Jinx,12,Undirected
Janna,RekSai,40,Undirected
Jinx,RekSai,19,Undirected
Annie,Fizz,7,Undirected
Annie,Renekton,5,Undirected
Annie,Rengar,7,Undirected
Annie,Sivir,47,Undirected
Fizz,Renekton,1,Undirected
Fizz,Rengar,4,Undirected
Fizz,Sivir,32,Undirected
Renekton,Rengar,9,Undirected
Renekton,Sivir,12,Undirected
Rengar,Sivir,16,Undirected
Gnar,Janna,21,Undirected
Gnar,JarvanIV,22,Undirected
Gnar,Lissandra,22,Undirected
Gnar,Tristana,9,Undirected
Janna,JarvanIV,25,Undirected
Janna,Lissandra,14,Undirected
Janna,Tristana,15,Undirected
JarvanIV,Lissandra,16,Undirected
JarvanIV,Tristana,8,Undirected
Lissandra,Tristana,5,Undirected
Corki,Irelia,11,Undirected
Corki,Janna,49,Undirected
Corki,JarvanIV,34,Undirected
Corki,Xerath,7,Undirected
Irelia,JarvanIV,9,Undirected
Irelia,Xerath,1,Undirected
Janna,Xerath,11,Undirected
JarvanIV,Xerath,11,Undirected
Annie,Azir,14,Undirected
Annie,Caitlyn,6,Undirected
Annie,JarvanIV,15,Undirected
Azir,Caitlyn,14,Undirected
Azir,JarvanIV,13,Undirected
Azir,Renekton,3,Undirected
Caitlyn,JarvanIV,4,Undirected
Caitlyn,Renekton,4,Undirected
JarvanIV,Renekton,5,Undirected
Irelia,Nami,12,Undirected
Irelia,Nocturne,1,Undirected
Irelia,Orianna,2,Undirected
Irelia,Sivir,38,Undirected
Nami,Nocturne,1,Undirected
Nami,Orianna,19,Undirected
Nami,Sivir,24,Undirected
Nocturne,Orianna,1,Undirected
Nocturne,Sivir,3,Undirected
Orianna,Sivir,18,Undirected
Azir,Corki,23,Undirected
Azir,Gnar,32,Undirected
Azir,Morgana,15,Undirected
Corki,Gnar,33,Undirected
Corki,Morgana,27,Undirected
Gnar,Morgana,13,Undirected
JarvanIV,Morgana,19,Undirected
Graves,JarvanIV,13,Undirected
Graves,Jax,4,Undirected
Graves,Kassadin,18,Undirected
Graves,Morgana,15,Undirected
JarvanIV,Jax,1,Undirected
JarvanIV,Kassadin,10,Undirected
Jax,Kassadin,2,Undirected
Jax,Morgana,4,Undirected
Kassadin,Morgana,10,Undirected
Annie,Irelia,6,Undirected
Annie,Kalista,19,Undirected
Annie,Lissandra,12,Undirected
Annie,Vi,5,Undirected
Irelia,Kalista,7,Undirected
Irelia,Lissandra,3,Undirected
Irelia,Vi,4,Undirected
Kalista,Lissandra,39,Undirected
Kalista,Vi,6,Undirected
Lissandra,Vi,9,Undirected
Annie,Leblanc,11,Undirected
Annie,Maokai,32,Undirected
JarvanIV,Kalista,16,Undirected
JarvanIV,Leblanc,9,Undirected
JarvanIV,Maokai,30,Undirected
Kalista,Leblanc,22,Undirected
Kalista,Maokai,52,Undirected
Leblanc,Maokai,32,Undirected
Caitlyn,Morgana,12,Undirected
Caitlyn,Rumble,14,Undirected
Caitlyn,Vi,1,Undirected
Caitlyn,Zed,4,Undirected
Morgana,Rumble,9,Undirected
Morgana,Vi,9,Undirected
Morgana,Zed,13,Undirected
Rumble,Vi,7,Undirected
Rumble,Zed,21,Undirected
Vi,Zed,6,Undirected
Lissandra,Morgana,16,Undirected
Lissandra,Xerath,6,Undirected
Morgana,Tristana,6,Undirected
Morgana,Xerath,6,Undirected
Tristana,Xerath,1,Undirected
Gnar,KogMaw,15,Undirected
Gnar,Leblanc,18,Undirected
Gnar,LeeSin,20,Undirected
Gnar,Nami,8,Undirected
KogMaw,Leblanc,5,Undirected
KogMaw,LeeSin,13,Undirected
KogMaw,Nami,9,Undirected
Leblanc,LeeSin,36,Undirected
Leblanc,Nami,12,Undirected
LeeSin,Nami,30,Undirected
Annie,Graves,13,Undirected
Annie,Kassadin,9,Undirected
Graves,Maokai,65,Undirected
Graves,Vi,10,Undirected
Kassadin,Maokai,18,Undirected
Kassadin,Vi,3,Undirected
Maokai,Vi,12,Undirected
Lissandra,Nami,6,Undirected
Lissandra,RekSai,41,Undirected
Lissandra,Vayne,1,Undirected
Nami,RekSai,36,Undirected
Nami,Vayne,2,Undirected
Nami,Xerath,2,Undirected
RekSai,Vayne,9,Undirected
RekSai,Xerath,4,Undirected
Vayne,Xerath,1,Undirected
Graves,Leblanc,30,Undirected
Graves,Rumble,31,Undirected
Leblanc,Morgana,13,Undirected
Leblanc,Rumble,18,Undirected
Leblanc,Vi,4,Undirected
Alistar,Ezreal,62,Undirected
Alistar,LeeSin,33,Undirected
Alistar,Lissandra,38,Undirected
Alistar,Sivir,87,Undirected
Ezreal,LeeSin,30,Undirected
Ezreal,Lissandra,21,Undirected
Ezreal,Sivir,11,Undirected
LeeSin,Lissandra,22,Undirected
LeeSin,Sivir,40,Undirected
Lissandra,Sivir,43,Undirected
Graves,Lissandra,35,Undirected
Graves,RekSai,16,Undirected
Jax,Lissandra,2,Undirected
Jax,RekSai,11,Undirected
Morgana,RekSai,38,Undirected
Ahri,Sion,7,Undirected
Ahri,Vi,11,Undirected
Janna,Sion,5,Undirected
Janna,Vi,5,Undirected
Jinx,Sion,6,Undirected
Jinx,Vi,6,Undirected
Sion,Vi,2,Undirected
Kassadin,Lissandra,5,Undirected
Ahri,Graves,35,Undirected
Ahri,Leona,11,Undirected
Ahri,Lissandra,1,Undirected
Graves,Leona,14,Undirected
Leona,Lissandra,8,Undirected
Leona,RekSai,16,Undirected
Jinx,Lissandra,4,Undirected
Jinx,Morgana,16,Undirected
Jinx,Rumble,8,Undirected
Lissandra,Rumble,9,Undirected
Graves,Thresh,39,Undirected
Graves,Zed,12,Undirected
Maokai,Thresh,78,Undirected
Maokai,Zed,26,Undirected
Thresh,Vi,10,Undirected
Thresh,Zed,26,Undirected
Annie,Corki,17,Undirected
Annie,LeeSin,16,Undirected
Corki,Kassadin,16,Undirected
Corki,LeeSin,37,Undirected
Corki,Renekton,2,Undirected
Kassadin,LeeSin,14,Undirected
Kassadin,Renekton,3,Undirected
LeeSin,Renekton,7,Undirected
Corki,Maokai,84,Undirected
Corki,Nidalee,28,Undirected
Corki,Veigar,2,Undirected
Corki,Zed,26,Undirected
Maokai,Nidalee,52,Undirected
Maokai,Veigar,2,Undirected
Nidalee,Veigar,1,Undirected
Nidalee,Zed,15,Undirected
Veigar,Zed,1,Undirected
Ahri,Maokai,37,Undirected
Janna,Maokai,56,Undirected
Jinx,Maokai,14,Undirected
Braum,Corki,38,Undirected
Braum,RekSai,71,Undirected
Braum,Rumble,23,Undirected
Braum,Zed,7,Undirected
Corki,RekSai,82,Undirected
Corki,Rumble,55,Undirected
RekSai,Rumble,65,Undirected
RekSai,Zed,23,Undirected
Annie,RekSai,29,Undirected
Corki,Lissandra,21,Undirected
Janna,Lulu,27,Undirected
Janna,Morgana,5,Undirected
Janna,Sivir,38,Undirected
Lulu,Morgana,8,Undirected
Lulu,RekSai,46,Undirected
Lulu,Sivir,33,Undirected
Morgana,Sivir,24,Undirected
RekSai,Sivir,122,Undirected
Fizz,Graves,7,Undirected
Fizz,Leblanc,2,Undirected
Fizz,Nami,5,Undirected
Fizz,RekSai,30,Undirected
Graves,Nami,16,Undirected
Leblanc,RekSai,37,Undirected
Braum,Kennen,5,Undirected
Braum,Lissandra,24,Undirected
Corki,Kennen,6,Undirected
Kennen,Lissandra,8,Undirected
Kennen,RekSai,19,Undirected
Lissandra,Maokai,15,Undirected
Maokai,RekSai,87,Undirected
Maokai,Sivir,114,Undirected
Ezreal,JarvanIV,15,Undirected
Ezreal,Kalista,3,Undirected
Ezreal,Maokai,46,Undirected
Ezreal,Thresh,33,Undirected
JarvanIV,Thresh,33,Undirected
Kalista,Thresh,92,Undirected
Graves,Veigar,3,Undirected
Kassadin,RekSai,26,Undirected
Kassadin,Veigar,1,Undirected
RekSai,Veigar,2,Undirected
Maokai,Morgana,26,Undirected
Morgana,Nidalee,17,Undirected
Graves,LeeSin,12,Undirected
Kassadin,Leona,6,Undirected
LeeSin,Leona,6,Undirected
LeeSin,Morgana,13,Undirected
Leona,Morgana,1,Undirected
Gragas,Morgana,22,Undirected
Gragas,RekSai,4,Undirected
Gragas,Sivir,136,Undirected
Gragas,Zed,13,Undirected
Sivir,Zed,15,Undirected
Ahri,Annie,13,Undirected
Ahri,Rumble,10,Undirected
Ahri,Sivir,18,Undirected
Annie,Rumble,21,Undirected
Rumble,Sivir,59,Undirected
Sivir,Vi,7,Undirected
Graves,Karthus,4,Undirected
Graves,Kennen,8,Undirected
Karthus,Kennen,1,Undirected
Karthus,LeeSin,1,Undirected
Karthus,Leona,2,Undirected
Kennen,LeeSin,10,Undirected
Kennen,Leona,2,Undirected
Graves,Sejuani,3,Undirected
Kennen,Morgana,7,Undirected
Kennen,Sejuani,9,Undirected
Lissandra,Sejuani,4,Undirected
Morgana,Sejuani,5,Undirected
Annie,Nidalee,8,Undirected
Lissandra,Nidalee,22,Undirected
Nidalee,Rumble,7,Undirected
Nidalee,Sivir,44,Undirected
Leblanc,Thresh,32,Undirected
RekSai,Thresh,92,Undirected
Rumble,Thresh,58,Undirected
Kalista,Kennen,18,Undirected
Kalista,Zed,13,Undirected
Kennen,Thresh,9,Undirected
Kennen,Vi,3,Undirected
Kennen,Zed,6,Undirected
Ahri,Kalista,26,Undirected
Ahri,Thresh,30,Undirected
Kalista,Sion,5,Undirected
Sion,Thresh,4,Undirected
Corki,Lulu,32,Undirected
Corki,Sejuani,6,Undirected
Corki,Thresh,59,Undirected
Lulu,Sejuani,10,Undirected
Lulu,Thresh,37,Undirected
Lulu,Zed,14,Undirected
Sejuani,Thresh,21,Undirected
Sejuani,Zed,9,Undirected
Graves,Lulu,42,Undirected
Graves,Vladimir,15,Undirected
Lulu,Vladimir,14,Undirected
Sejuani,Vladimir,9,Undirected
Thresh,Vladimir,20,Undirected
Graves,Hecarim,5,Undirected
Graves,Nidalee,15,Undirected
Graves,Yasuo,2,Undirected
Hecarim,Nidalee,3,Undirected
Hecarim,Thresh,20,Undirected
Hecarim,Yasuo,2,Undirected
Nidalee,Thresh,21,Undirected
Nidalee,Yasuo,3,Undirected
Thresh,Yasuo,6,Undirected
Caitlyn,Ezreal,2,Undirected
Caitlyn,Nautilus,14,Undirected
Caitlyn,Nidalee,23,Undirected
Caitlyn,Sion,2,Undirected
Ezreal,Nautilus,54,Undirected
Ezreal,Nidalee,36,Undirected
Ezreal,Sion,2,Undirected
Nautilus,Nidalee,25,Undirected
Nautilus,Sion,5,Undirected
Nidalee,Sion,4,Undirected
Chogath,LeeSin,2,Undirected
Chogath,Lulu,1,Undirected
Chogath,Sion,1,Undirected
Chogath,Sivir,5,Undirected
LeeSin,Lulu,42,Undirected
LeeSin,Sion,1,Undirected
Lulu,Sion,1,Undirected
Sion,Sivir,9,Undirected
Lissandra,Lucian,39,Undirected
Lissandra,Nautilus,13,Undirected
Lucian,Maokai,53,Undirected
Lucian,Nautilus,42,Undirected
Lucian,Vi,2,Undirected
Maokai,Nautilus,26,Undirected
Nautilus,Vi,2,Undirected
Graves,Nunu,2,Undirected
Nunu,Rumble,11,Undirected
Nunu,Thresh,9,Undirected
Nunu,Vladimir,4,Undirected
Rumble,Vladimir,18,Undirected
Draven,JarvanIV,4,Undirected
Draven,Maokai,4,Undirected
Draven,Morgana,3,Undirected
Draven,Zac,2,Undirected
JarvanIV,Zac,1,Undirected
Maokai,Zac,1,Undirected
Morgana,Zac,2,Undirected
Gragas,KogMaw,30,Undirected
Gragas,Nautilus,54,Undirected
Gragas,Rumble,33,Undirected
KogMaw,Nautilus,10,Undirected
KogMaw,Rumble,9,Undirected
KogMaw,Sivir,4,Undirected
Nautilus,Rumble,25,Undirected
Nautilus,Sivir,62,Undirected
Alistar,Ashe,35,Undirected
Alistar,KogMaw,22,Undirected
Alistar,Maokai,59,Undirected
Ashe,KogMaw,2,Undirected
Ashe,LeeSin,49,Undirected
Ashe,Maokai,45,Undirected
KogMaw,Maokai,25,Undirected
LeeSin,Maokai,63,Undirected
Cassiopeia,Nunu,5,Undirected
Cassiopeia,Rumble,15,Undirected
Cassiopeia,Sivir,34,Undirected
Cassiopeia,Thresh,26,Undirected
Nunu,Sivir,16,Undirected
Sivir,Thresh,71,Undirected
Gnar,Kalista,30,Undirected
Gnar,Nautilus,6,Undirected
Gnar,Vladimir,20,Undirected
Gnar,Zac,3,Undirected
Kalista,Nautilus,22,Undirected
Kalista,Vladimir,13,Undirected
Kalista,Zac,5,Undirected
Nautilus,Vladimir,17,Undirected
Nautilus,Zac,2,Undirected
Vladimir,Zac,1,Undirected
Alistar,Rumble,46,Undirected
Alistar,Sejuani,13,Undirected
Alistar,Viktor,51,Undirected
Rumble,Sejuani,13,Undirected
Rumble,Viktor,18,Undirected
Sejuani,Sivir,22,Undirected
Sejuani,Viktor,1,Undirected
Sivir,Viktor,69,Undirected
Annie,Gnar,18,Undirected
Annie,Vayne,2,Undirected
Gnar,RekSai,75,Undirected
Gnar,Vayne,3,Undirected
Leblanc,Vayne,3,Undirected
Azir,Kalista,30,Undirected
Azir,Ryze,6,Undirected
Azir,Zac,1,Undirected
Kalista,Morgana,26,Undirected
Kalista,Ryze,11,Undirected
Morgana,Ryze,16,Undirected
Ryze,Zac,3,Undirected
Alistar,Corki,72,Undirected
Alistar,Ekko,25,Undirected
Alistar,Hecarim,28,Undirected
Alistar,Leblanc,28,Undirected
Corki,Ekko,10,Undirected
Corki,Hecarim,10,Undirected
Corki,Leblanc,16,Undirected
Ekko,Hecarim,7,Undirected
Ekko,Leblanc,12,Undirected
Hecarim,Leblanc,14,Undirected
Leblanc,Sivir,48,Undirected
Gragas,Jinx,15,Undirected
Gragas,Karma,69,Undirected
Gragas,Maokai,50,Undirected
Gragas,Varus,46,Undirected
Jinx,Karma,2,Undirected
Jinx,Varus,3,Undirected
Karma,Maokai,56,Undirected
Karma,Varus,41,Undirected
Maokai,Varus,54,Undirected
Annie,Ekko,2,Undirected
Ekko,Kalista,14,Undirected
Ekko,RekSai,36,Undirected
Ekko,Rumble,7,Undirected
Kalista,RekSai,74,Undirected
Kalista,Rumble,21,Undirected
Azir,Bard,21,Undirected
Azir,Nunu,11,Undirected
Azir,Sivir,63,Undirected
Bard,Gnar,19,Undirected
Bard,Nunu,2,Undirected
Bard,Sivir,36,Undirected
Gnar,Nunu,7,Undirected
Gnar,Sivir,71,Undirected
Alistar,TwistedFate,26,Undirected
Alistar,XinZhao,1,Undirected
Corki,TwistedFate,8,Undirected
Corki,XinZhao,1,Undirected
Hecarim,TwistedFate,5,Undirected
Hecarim,XinZhao,1,Undirected
TwistedFate,XinZhao,1,Undirected
Ekko,Thresh,21,Undirected
Ekko,Urgot,1,Undirected
Ekko,Vayne,7,Undirected
RekSai,Urgot,10,Undirected
Thresh,Urgot,8,Undirected
Thresh,Vayne,8,Undirected
Urgot,Vayne,1,Undirected
Annie,Jayce,1,Undirected
Annie,Jinx,4,Undirected
Annie,Sejuani,3,Undirected
Jayce,Jinx,3,Undirected
Jayce,Rumble,27,Undirected
Jayce,Sejuani,2,Undirected
Jinx,Sejuani,6,Undirected
Gragas,Kalista,47,Undirected
Gragas,Thresh,72,Undirected
Kalista,Varus,7,Undirected
Rumble,Varus,35,Undirected
Thresh,Varus,24,Undirected
Alistar,Gnar,56,Undirected
Alistar,RekSai,90,Undirected
Ashe,Gnar,43,Undirected
Ashe,RekSai,71,Undirected
KogMaw,RekSai,18,Undirected
Annie,Sion,6,Undirected
Azir,Ekko,27,Undirected
Azir,Sion,2,Undirected
Ekko,Sion,1,Undirected
Ekko,Sivir,50,Undirected
Azir,Thresh,37,Undirected
Gnar,Thresh,45,Undirected
Annie,Ashe,1,Undirected
Annie,Viktor,12,Undirected
Ashe,Fizz,6,Undirected
Ashe,Viktor,46,Undirected
Fizz,Viktor,10,Undirected
RekSai,Viktor,96,Undirected
Azir,Hecarim,14,Undirected
Azir,Nautilus,16,Undirected
Azir,RekSai,73,Undirected
Hecarim,Nautilus,16,Undirected
Hecarim,RekSai,22,Undirected
Hecarim,Sivir,41,Undirected
Nautilus,RekSai,39,Undirected
Gragas,Hecarim,21,Undirected
Gragas,Janna,53,Undirected
Gragas,Orianna,24,Undirected
Hecarim,Janna,6,Undirected
Hecarim,Orianna,2,Undirected
Janna,Orianna,21,Undirected
Alistar,Orianna,22,Undirected
LeeSin,Orianna,33,Undirected
Maokai,Orianna,35,Undirected
Alistar,Azir,52,Undirected
Alistar,JarvanIV,9,Undirected
Alistar,Tristana,17,Undirected
Azir,Rumble,15,Undirected
Azir,Tristana,10,Undirected
JarvanIV,Rumble,19,Undirected
Rumble,Tristana,11,Undirected
Gragas,Viktor,65,Undirected
Gragas,Vladimir,44,Undirected
Nautilus,Viktor,25,Undirected
Sivir,Vladimir,48,Undirected
Viktor,Vladimir,3,Undirected
Kalista,Shen,12,Undirected
Morgana,Shen,5,Undirected
Morgana,Vladimir,3,Undirected
RekSai,Shen,47,Undirected
RekSai,Vladimir,46,Undirected
Shen,Vladimir,20,Undirected
Ahri,Alistar,15,Undirected
Ahri,Nautilus,22,Undirected
Ahri,Nidalee,8,Undirected
Alistar,Graves,40,Undirected
Alistar,Nautilus,21,Undirected
Alistar,Nidalee,61,Undirected
Graves,Nautilus,54,Undirected
Annie,Diana,2,Undirected
Annie,Evelynn,6,Undirected
Annie,Ezreal,4,Undirected
Annie,Shen,4,Undirected
Diana,Evelynn,2,Undirected
Diana,Ezreal,2,Undirected
Diana,Shen,4,Undirected
Evelynn,Ezreal,7,Undirected
Evelynn,Shen,6,Undirected
Ezreal,Shen,22,Undirected
Ahri,Shen,16,Undirected
Ezreal,Graves,63,Undirected
Graves,Shen,25,Undirected
JarvanIV,Shen,3,Undirected
Shen,Thresh,22,Undirected
Azir,Gragas,53,Undirected
Azir,Janna,24,Undirected
Gnar,Gragas,64,Undirected
Maokai,Shen,4,Undirected
Maokai,Urgot,14,Undirected
Nidalee,Shen,18,Undirected
Nidalee,Urgot,3,Undirected
Shen,Sivir,54,Undirected
Shen,Urgot,2,Undirected
Sivir,Urgot,3,Undirected
Azir,Maokai,51,Undirected
Gnar,Shen,4,Undirected
Gnar,TwistedFate,14,Undirected
LeeSin,Shen,22,Undirected
LeeSin,TwistedFate,7,Undirected
Shen,TwistedFate,4,Undirected
Sivir,TwistedFate,33,Undirected
Kalista,Karma,3,Undirected
Kalista,Orianna,12,Undirected
Kalista,Rengar,6,Undirected
Karma,Orianna,27,Undirected
Karma,Rengar,35,Undirected
Maokai,Rengar,34,Undirected
Orianna,Rengar,27,Undirected
Ahri,Corki,13,Undirected
Ahri,LeeSin,24,Undirected
Ahri,Ryze,4,Undirected
Alistar,Ryze,23,Undirected
Corki,Ryze,17,Undirected
LeeSin,Ryze,23,Undirected
Fizz,Janna,14,Undirected
Fizz,Nautilus,7,Undirected
Fizz,Tristana,8,Undirected
Fizz,TwistedFate,7,Undirected
Janna,Nautilus,6,Undirected
Janna,TwistedFate,8,Undirected
Nautilus,Tristana,5,Undirected
Nautilus,TwistedFate,10,Undirected
Tristana,TwistedFate,5,Undirected
Ahri,Braum,6,Undirected
Ahri,Shyvana,1,Undirected
Braum,Kalista,32,Undirected
Braum,Shyvana,3,Undirected
Kalista,Shyvana,2,Undirected
Rumble,Shyvana,1,Undirected
Janna,KogMaw,25,Undirected
Janna,Nidalee,17,Undirected
KogMaw,Nidalee,12,Undirected
KogMaw,Orianna,6,Undirected
Nidalee,Orianna,8,Undirected
Alistar,Fizz,17,Undirected
Alistar,Gragas,79,Undirected
Ezreal,Fizz,9,Undirected
Ezreal,Gragas,55,Undirected
Ezreal,Tristana,2,Undirected
Fizz,Gragas,21,Undirected
Gragas,Tristana,13,Undirected
Janna,Kalista,25,Undirected
Kalista,TwistedFate,14,Undirected
Maokai,TwistedFate,20,Undirected
RekSai,TwistedFate,30,Undirected
Khazix,Lucian,19,Undirected
Khazix,Thresh,23,Undirected
Khazix,Zac,1,Undirected
Khazix,Zed,12,Undirected
Lucian,Thresh,41,Undirected
Lucian,Zac,3,Undirected
Lucian,Zed,22,Undirected
Thresh,Zac,2,Undirected
Zac,Zed,1,Undirected
Ezreal,Janna,19,Undirected
Ezreal,Olaf,18,Undirected
Ezreal,TwistedFate,7,Undirected
Gragas,Olaf,5,Undirected
Gragas,TwistedFate,18,Undirected
Janna,Olaf,7,Undirected
Olaf,TwistedFate,2,Undirected
Annie,Gragas,19,Undirected
Gnar,Nidalee,42,Undirected
Gnar,Orianna,14,Undirected
Kalista,Nidalee,34,Undirected
Kalista,Viktor,39,Undirected
Maokai,Viktor,54,Undirected
Nidalee,Viktor,18,Undirected
Thresh,Viktor,42,Undirected
Corki,KogMaw,6,Undirected
Corki,Nunu,7,Undirected
Janna,Nunu,13,Undirected
KogMaw,Lulu,24,Undirected
KogMaw,Nunu,6,Undirected
Lulu,Nunu,9,Undirected
Hecarim,LeeSin,6,Undirected
Hecarim,Vladimir,15,Undirected
LeeSin,Nautilus,45,Undirected
LeeSin,Vladimir,14,Undirected
Fizz,Lucian,10,Undirected
Fizz,Rumble,3,Undirected
Janna,Lucian,39,Undirected
Janna,Rumble,29,Undirected
Lucian,RekSai,101,Undirected
Lucian,Rumble,21,Undirected
Alistar,Nunu,12,Undirected
Hecarim,Nunu,7,Undirected
Corki,Lucian,27,Undirected
Corki,Nautilus,39,Undirected
Hecarim,Lucian,14,Undirected
Hecarim,Sejuani,16,Undirected
Lucian,Sejuani,10,Undirected
Nautilus,Sejuani,8,Undirected
Gragas,Lissandra,21,Undirected
Hecarim,Lissandra,9,Undirected
Orianna,Thresh,21,Undirected
Corki,Twitch,1,Undirected
Rumble,Twitch,5,Undirected
Sejuani,Twitch,1,Undirected
Thresh,Twitch,8,Undirected
Ahri,Gragas,21,Undirected
Gragas,Sion,6,Undirected
Corki,Urgot,3,Undirected
Kennen,Maokai,11,Undirected
Kennen,Urgot,2,Undirected
Maokai,Sejuani,17,Undirected
Sejuani,Urgot,13,Undirected
Azir,Elise,53,Undirected
Azir,KogMaw,11,Undirected
Azir,Shen,29,Undirected
Elise,Janna,17,Undirected
Elise,KogMaw,11,Undirected
Elise,Shen,41,Undirected
Janna,Shen,7,Undirected
KogMaw,Shen,15,Undirected
Alistar,Elise,77,Undirected
Alistar,Shen,22,Undirected
Elise,Tristana,21,Undirected
Shen,Tristana,12,Undirected
Braum,Elise,81,Undirected
Braum,Shen,33,Undirected
Braum,Tristana,19,Undirected
Braum,Urgot,3,Undirected
Elise,Urgot,1,Undirected
Tristana,Urgot,1,Undirected
Jinx,Lulu,16,Undirected
Jinx,Nidalee,7,Undirected
Jinx,Olaf,3,Undirected
Jinx,Thresh,30,Undirected
Lulu,Nidalee,21,Undirected
Lulu,Olaf,10,Undirected
Nidalee,Olaf,3,Undirected
Olaf,Thresh,5,Undirected
Braum,Ekko,44,Undirected
Braum,Olaf,11,Undirected
Braum,Viktor,57,Undirected
Ekko,Olaf,7,Undirected
Ekko,Tristana,4,Undirected
Ekko,Viktor,26,Undirected
Olaf,Tristana,3,Undirected
Olaf,Viktor,12,Undirected
Tristana,Viktor,4,Undirected
Alistar,Jinx,9,Undirected
Ekko,Gnar,7,Undirected
Ekko,Jinx,5,Undirected
Ekko,Orianna,4,Undirected
Gnar,Jinx,14,Undirected
Jinx,Orianna,4,Undirected
Azir,Braum,50,Undirected
Azir,Jinx,13,Undirected
Azir,Nidalee,25,Undirected
Braum,Gnar,40,Undirected
Braum,Jinx,5,Undirected
Braum,Nidalee,54,Undirected
Azir,Vayne,10,Undirected
Braum,Gragas,65,Undirected
Braum,Nautilus,18,Undirected
Braum,Vayne,5,Undirected
Gragas,Vayne,21,Undirected
Nautilus,Vayne,5,Undirected
Ekko,Lulu,15,Undirected
Gnar,Lulu,16,Undirected
Janna,Vayne,14,Undirected
Maokai,Vayne,15,Undirected
Orianna,Vayne,7,Undirected
Ashe,Evelynn,3,Undirected
Ashe,Orianna,28,Undirected
Ashe,Shen,61,Undirected
Ashe,Soraka,6,Undirected
Evelynn,Orianna,3,Undirected
Evelynn,Soraka,1,Undirected
Orianna,Shen,12,Undirected
Orianna,Soraka,3,Undirected
Shen,Soraka,2,Undirected
Alistar,Sion,2,Undirected
Alistar,Vayne,21,Undirected
Orianna,Sion,4,Undirected
Sion,Vayne,1,Undirected
Braum,Yasuo,10,Undirected
Gragas,Yasuo,12,Undirected
Tristana,Yasuo,4,Undirected
Viktor,Yasuo,1,Undirected
Ashe,Braum,47,Undirected
Ashe,Ekko,32,Undirected
Gnar,Viktor,37,Undirected
Braum,Maokai,65,Undirected
Braum,Orianna,8,Undirected
Braum,Varus,22,Undirected
Maokai,Shyvana,2,Undirected
Orianna,Shyvana,5,Undirected
Orianna,Varus,26,Undirected
Shyvana,Varus,1,Undirected
Braum,Khazix,8,Undirected
Khazix,Maokai,62,Undirected
Khazix,Varus,41,Undirected
Khazix,Viktor,6,Undirected
Varus,Viktor,6,Undirected
Ashe,Azir,21,Undirected
Ashe,Elise,65,Undirected
Ashe,Janna,3,Undirected
Azir,Soraka,9,Undirected
Gragas,Shen,45,Undirected
Gragas,Soraka,6,Undirected
Sivir,Soraka,12,Undirected
Diana,Gragas,6,Undirected
Diana,Morgana,3,Undirected
Diana,Rumble,1,Undirected
Diana,Vayne,2,Undirected
Morgana,Vayne,8,Undirected
Rumble,Vayne,15,Undirected
Draven,Nidalee,1,Undirected
Draven,Sion,1,Undirected
Draven,Viktor,2,Undirected
Morgana,Sion,7,Undirected
Morgana,Viktor,8,Undirected
Sion,Viktor,1,Undirected
Alistar,DrMundo,1,Undirected
Alistar,Kalista,67,Undirected
DrMundo,Kalista,3,Undirected
DrMundo,Orianna,1,Undirected
DrMundo,RekSai,4,Undirected
Orianna,RekSai,12,Undirected
Elise,Lissandra,28,Undirected
Elise,Lucian,86,Undirected
Elise,Lulu,51,Undirected
Elise,Thresh,63,Undirected
Lissandra,Lulu,9,Undirected
Lissandra,Thresh,27,Undirected
Lucian,Lulu,51,Undirected
Ahri,Elise,15,Undirected
Ahri,Ezreal,14,Undirected
Ahri,Fiora,2,Undirected
Ahri,Trundle,4,Undirected
Elise,Ezreal,67,Undirected
Elise,Fiora,40,Undirected
Elise,Trundle,84,Undirected
Ezreal,Fiora,10,Undirected
Ezreal,Trundle,44,Undirected
Fiora,Trundle,12,Undirected
Bard,Ezreal,24,Undirected
Bard,RekSai,56,Undirected
Bard,Syndra,5,Undirected
Bard,TahmKench,2,Undirected
Ezreal,RekSai,51,Undirected
Ezreal,Syndra,20,Undirected
Ezreal,TahmKench,17,Undirected
RekSai,Syndra,10,Undirected
RekSai,TahmKench,27,Undirected
Syndra,TahmKench,7,Undirected
Corki,Elise,48,Undirected
Corki,Fiora,17,Undirected
Fiora,Janna,4,Undirected
Fiora,Lulu,17,Undirected
Braum,LeeSin,27,Undirected
Braum,Lucian,79,Undirected
Braum,Lulu,25,Undirected
LeeSin,Lucian,36,Undirected
Ahri,Lucian,19,Undirected
Ahri,TahmKench,6,Undirected
Alistar,Lucian,63,Undirected
Alistar,TahmKench,11,Undirected
Elise,TahmKench,38,Undirected
Lucian,TahmKench,18,Undirected
Braum,Graves,59,Undirected
Braum,Poppy,32,Undirected
Braum,Syndra,8,Undirected
Corki,Graves,35,Undirected
Corki,Poppy,37,Undirected
Corki,Syndra,2,Undirected
Graves,Poppy,31,Undirected
Graves,Syndra,27,Undirected
Poppy,Syndra,8,Undirected
Alistar,Fiora,27,Undirected
Alistar,Lulu,40,Undirected
Fiora,Lucian,30,Undirected
Fiora,RekSai,21,Undirected
Bard,Caitlyn,19,Undirected
Bard,Lux,4,Undirected
Bard,Poppy,13,Undirected
Caitlyn,Lux,2,Undirected
Caitlyn,Poppy,18,Undirected
Caitlyn,RekSai,27,Undirected
Lux,Poppy,2,Undirected
Lux,RekSai,4,Undirected
Poppy,RekSai,18,Undirected
Corki,Kalista,18,Undirected
Fiora,Kalista,21,Undirected
Fiora,Morgana,9,Undirected
Graves,Lucian,36,Undirected
Graves,Soraka,3,Undirected
Graves,Viktor,17,Undirected
Lucian,Poppy,56,Undirected
Lucian,Soraka,8,Undirected
Lucian,Viktor,43,Undirected
Poppy,Soraka,5,Undirected
Poppy,Viktor,19,Undirected
Soraka,Viktor,5,Undirected
Graves,Lux,3,Undirected
Graves,TahmKench,17,Undirected
Lucian,Lux,7,Undirected
Lucian,Morgana,20,Undirected
Lux,Morgana,2,Undirected
Lux,TahmKench,3,Undirected
Morgana,TahmKench,4,Undirected
Janna,Poppy,10,Undirected
Janna,Zilean,3,Undirected
Lucian,Zilean,14,Undirected
Poppy,Zilean,8,Undirected
RekSai,Zilean,11,Undirected
Caitlyn,Gangplank,4,Undirected
Caitlyn,Leblanc,12,Undirected
Gangplank,Leblanc,8,Undirected
Gangplank,Morgana,6,Undirected
Gangplank,RekSai,27,Undirected
Bard,Lissandra,13,Undirected
Bard,Nidalee,23,Undirected
Caitlyn,Lissandra,5,Undirected
Lissandra,Poppy,21,Undirected
Nidalee,Poppy,27,Undirected
Fiora,Nidalee,10,Undirected
Fiora,Orianna,3,Undirected
Lucian,Nidalee,49,Undirected
Lucian,Orianna,16,Undirected
Morgana,Orianna,7,Undirected
Alistar,Poppy,38,Undirected
Alistar,Syndra,5,Undirected
Lucian,Syndra,17,Undirected
Bard,Corki,23,Undirected
Bard,Leblanc,14,Undirected
Bard,Malphite,2,Undirected
Corki,Malphite,9,Undirected
Leblanc,Malphite,4,Undirected
Malphite,RekSai,5,Undirected
Caitlyn,Ekko,21,Undirected
Caitlyn,Janna,13,Undirected
Caitlyn,Lulu,22,Undirected
Ekko,Janna,16,Undirected
Kalista,Nunu,6,Undirected
Kalista,Poppy,28,Undirected
Morgana,Nunu,4,Undirected
Morgana,Poppy,12,Undirected
Nunu,Orianna,2,Undirected
Nunu,Poppy,1,Undirected
Orianna,Poppy,10,Undirected
Bard,Lucian,34,Undirected
Bard,Lulu,6,Undirected
Bard,Trundle,24,Undirected
Lucian,Trundle,67,Undirected
Lulu,Trundle,22,Undirected
Nidalee,Trundle,36,Undirected
Alistar,Caitlyn,20,Undirected
Alistar,Malphite,7,Undirected
Caitlyn,Corki,15,Undirected
Caitlyn,Elise,29,Undirected
Caitlyn,Malphite,4,Undirected
Elise,Malphite,7,Undirected
Lucian,Malphite,7,Undirected
Lucian,Nunu,7,Undirected
Malphite,Morgana,4,Undirected
Malphite,Nunu,1,Undirected
Gangplank,Kalista,14,Undirected
Gangplank,Lux,3,Undirected
Gangplank,Soraka,3,Undirected
Kalista,Lux,6,Undirected
Kalista,Soraka,4,Undirected
Lux,Soraka,3,Undirected
RekSai,Soraka,12,Undirected
Caitlyn,Graves,13,Undirected
Graves,Janna,12,Undirected
Graves,Malphite,3,Undirected
Janna,Malphite,4,Undirected
Braum,Lux,2,Undirected
Braum,Quinn,2,Undirected
Kalista,Quinn,8,Undirected
Lux,Nidalee,5,Undirected
Lux,Quinn,1,Undirected
Nidalee,Quinn,6,Undirected
Corki,Ezreal,25,Undirected
Nautilus,Thresh,23,Undirected
Alistar,Karma,8,Undirected
Ezreal,Karma,72,Undirected
Ezreal,Poppy,30,Undirected
Karma,Nidalee,24,Undirected
Karma,Poppy,14,Undirected
Braum,Leblanc,31,Undirected
Leblanc,Nidalee,17,Undirected
Leblanc,Poppy,19,Undirected
Alistar,Kindred,31,Undirected
Corki,Kindred,12,Undirected
Kindred,Lucian,14,Undirected
Kindred,Malphite,4,Undirected
Elise,Poppy,59,Undirected
Elise,Zilean,11,Undirected
KogMaw,Poppy,3,Undirected
KogMaw,Zilean,4,Undirected
Gragas,Leblanc,28,Undirected
Gragas,Lucian,63,Undirected
Gragas,Pantheon,4,Undirected
Leblanc,Lucian,29,Undirected
Leblanc,Pantheon,1,Undirected
Lucian,Pantheon,2,Undirected
Morgana,Pantheon,1,Undirected
Bard,Kalista,13,Undirected
Bard,Nautilus,6,Undirected
Bard,Viktor,20,Undirected
Janna,LeeSin,30,Undirected
Lulu,Nautilus,54,Undirected
Ezreal,Pantheon,2,Undirected
Ezreal,Soraka,8,Undirected
Gragas,Syndra,15,Undirected
Pantheon,Soraka,1,Undirected
Pantheon,Syndra,1,Undirected
Soraka,Syndra,1,Undirected
Corki,Gangplank,17,Undirected
Corki,Soraka,2,Undirected
Gangplank,Lucian,19,Undirected
Alistar,Trundle,19,Undirected
Kindred,KogMaw,2,Undirected
Kindred,Lulu,8,Undirected
Kindred,Trundle,14,Undirected
KogMaw,Trundle,8,Undirected
Alistar,Gangplank,33,Undirected
Gangplank,Nautilus,5,Undirected
Gangplank,Nidalee,13,Undirected
Gragas,Jhin,51,Undirected
Gragas,Trundle,78,Undirected
Jhin,Morgana,6,Undirected
Jhin,Trundle,39,Undirected
Jhin,Varus,10,Undirected
Morgana,Trundle,11,Undirected
Morgana,Varus,14,Undirected
Trundle,Varus,18,Undirected
Elise,Kalista,41,Undirected
Elise,Nautilus,41,Undirected
Elise,Zed,26,Undirected
Kalista,Trundle,26,Undirected
Nautilus,Trundle,14,Undirected
Nautilus,Zed,17,Undirected
Trundle,Zed,6,Undirected
Bard,Graves,19,Undirected
Bard,TwistedFate,9,Undirected
Graves,TwistedFate,10,Undirected
Lucian,TwistedFate,18,Undirected
Nidalee,TwistedFate,15,Undirected
Corki,Karma,18,Undirected
Corki,Yasuo,9,Undirected
Karma,Lulu,3,Undirected
Karma,Sejuani,1,Undirected
Karma,Yasuo,1,Undirected
Lulu,Yasuo,2,Undirected
Sejuani,Yasuo,1,Undirected
Jhin,Leblanc,16,Undirected
Jhin,LeeSin,33,Undirected
Jhin,Poppy,21,Undirected
LeeSin,Poppy,17,Undirected
Corki,Gragas,61,Undirected
Corki,Sivir,7,Undirected
Corki,Trundle,23,Undirected
Gragas,Lulu,43,Undirected
Sivir,Trundle,61,Undirected
Janna,Zed,18,Undirected
Poppy,Zed,8,Undirected
Azir,Lucian,45,Undirected
Gnar,Lucian,28,Undirected
Gnar,Soraka,4,Undirected
Nidalee,Soraka,5,Undirected
Graves,Karma,49,Undirected
Graves,Zilean,15,Undirected
Karma,Lucian,37,Undirected
Karma,Zilean,11,Undirected
Maokai,Zilean,5,Undirected
Karma,Lissandra,11,Undirected
Karma,Trundle,36,Undirected
Lissandra,Trundle,25,Undirected
Caitlyn,Gragas,25,Undirected
Caitlyn,Maokai,25,Undirected
Caitlyn,Vladimir,7,Undirected
Caitlyn,Zyra,17,Undirected
Gragas,Zyra,8,Undirected
Maokai,Vladimir,10,Undirected
Maokai,Zyra,29,Undirected
Vladimir,Zyra,9,Undirected
Braum,Caitlyn,24,Undirected
Braum,Vladimir,30,Undirected
Lissandra,Vladimir,3,Undirected
Caitlyn,Karma,23,Undirected
Caitlyn,Swain,5,Undirected
Graves,Swain,4,Undirected
Karma,Swain,11,Undirected
Maokai,Swain,5,Undirected
Ashe,Nidalee,24,Undirected
Ashe,Swain,8,Undirected
Ashe,Thresh,36,Undirected
Fizz,Nidalee,9,Undirected
Fizz,Swain,2,Undirected
Fizz,Thresh,16,Undirected
Nidalee,Swain,4,Undirected
Swain,Thresh,3,Undirected
Elise,Karma,42,Undirected
Elise,TwistedFate,19,Undirected
Karma,TwistedFate,6,Undirected
Trundle,TwistedFate,10,Undirected
Alistar,Zilean,9,Undirected
Caitlyn,Fizz,10,Undirected
Caitlyn,Zilean,7,Undirected
Fizz,Zilean,1,Undirected
Nidalee,Zilean,11,Undirected
Anivia,Fiora,2,Undirected
Anivia,Gragas,5,Undirected
Anivia,Lucian,2,Undirected
Anivia,Zyra,6,Undirected
Fiora,Gragas,17,Undirected
Fiora,Zyra,5,Undirected
Lucian,Zyra,10,Undirected
Ashe,Bard,22,Undirected
Bard,Maokai,12,Undirected
Karma,Khazix,32,Undirected
Karma,Sivir,68,Undirected
Khazix,Sivir,7,Undirected
Khazix,Swain,4,Undirected
Sivir,Swain,9,Undirected
Braum,Trundle,38,Undirected
Caitlyn,Trundle,11,Undirected
Elise,Vladimir,21,Undirected
Trundle,Vladimir,29,Undirected
Ekko,Nami,11,Undirected
Ekko,Ryze,16,Undirected
Nami,Ryze,17,Undirected
RekSai,Ryze,49,Undirected
Ryze,Sivir,37,Undirected
Ekko,Ezreal,32,Undirected
Ekko,Graves,33,Undirected
Ekko,Karma,31,Undirected
Ezreal,Viktor,33,Undirected
Karma,Viktor,31,Undirected
Maokai,Twitch,10,Undirected
RekSai,Twitch,6,Undirected
RekSai,Zyra,21,Undirected
Twitch,Vladimir,5,Undirected
Twitch,Zyra,2,Undirected
Irelia,Nidalee,18,Undirected
Irelia,Soraka,6,Undirected
Irelia,TwistedFate,5,Undirected
Soraka,TwistedFate,2,Undirected
Azir,Irelia,16,Undirected
Braum,Irelia,25,Undirected
Irelia,Lucian,15,Undirected
Alistar,Jax,6,Undirected
Alistar,Swain,4,Undirected
Caitlyn,Jax,1,Undirected
Caitlyn,Kindred,13,Undirected
Jax,Kindred,3,Undirected
Jax,Swain,1,Undirected
Kindred,Swain,4,Undirected
Lucian,Nami,23,Undirected
Lucian,Vladimir,23,Undirected
Nami,Trundle,12,Undirected
Nami,Vladimir,10,Undirected
RekSai,Trundle,50,Undirected
Ashe,Irelia,21,Undirected
Irelia,Viktor,16,Undirected
Bard,Swain,5,Undirected
Bard,Zilean,10,Undirected
Lucian,Swain,11,Undirected
RekSai,Swain,20,Undirected
Swain,Zilean,1,Undirected
Elise,Irelia,25,Undirected
Elise,Ryze,32,Undirected
Elise,Zyra,19,Undirected
Irelia,Ryze,10,Undirected
Irelia,Tristana,5,Undirected
Irelia,Zyra,6,Undirected
Ryze,Tristana,9,Undirected
Ryze,Zyra,19,Undirected
Tristana,Zyra,2,Undirected
Azir,Swain,6,Undirected
Karma,Renekton,8,Undirected
Lissandra,Renekton,1,Undirected
Lucian,Renekton,3,Undirected
Nidalee,Renekton,4,Undirected
Caitlyn,Nami,9,Undirected
Caitlyn,Viktor,18,Undirected
Nami,Viktor,16,Undirected
Ashe,Olaf,11,Undirected
Ashe,Trundle,46,Undirected
Azir,Olaf,9,Undirected
Azir,Trundle,36,Undirected
Bard,Olaf,8,Undirected
Olaf,Trundle,8,Undirected
Caitlyn,Irelia,11,Undirected
Nami,Nidalee,6,Undirected
Ashe,Vladimir,28,Undirected
Bard,Irelia,11,Undirected
Bard,Vladimir,13,Undirected
Irelia,Olaf,4,Undirected
Irelia,Vladimir,15,Undirected
Olaf,Vladimir,7,Undirected
Anivia,Braum,15,Undirected
Anivia,Jax,2,Undirected
Anivia,Nidalee,3,Undirected
Anivia,Twitch,2,Undirected
Braum,Jax,6,Undirected
Braum,Twitch,7,Undirected
Jax,Nidalee,3,Undirected
Jax,Twitch,1,Undirected
Nidalee,Twitch,3,Undirected
Karma,Olaf,24,Undirected
Karma,Shen,49,Undirected
Karma,Vladimir,12,Undirected
Olaf,Shen,9,Undirected
Olaf,Sivir,24,Undirected
Azir,Nami,10,Undirected
Nami,Swain,4,Undirected
Ezreal,Rumble,30,Undirected
Ezreal,Ryze,34,Undirected
Ezreal,Zyra,13,Undirected
Olaf,Rumble,16,Undirected
Olaf,Ryze,8,Undirected
Olaf,Zyra,7,Undirected
Rumble,Ryze,13,Undirected
Rumble,Zyra,18,Undirected
Azir,Jax,3,Undirected
Azir,Kindred,17,Undirected
Jax,Tristana,2,Undirected
Kindred,Tristana,3,Undirected
Caitlyn,Ryze,14,Undirected
Caitlyn,Soraka,4,Undirected
Kindred,Ryze,14,Undirected
Kindred,Soraka,5,Undirected
Ryze,Soraka,7,Undirected
Ryze,Trundle,21,Undirected
Soraka,Trundle,2,Undirected
Elise,Morgana,16,Undirected
Bard,Elise,29,Undirected
Bard,Jax,5,Undirected
Bard,Karma,6,Undirected
Elise,Jax,6,Undirected
Ezreal,Jax,8,Undirected
Jax,Karma,7,Undirected
Ezreal,Nami,27,Undirected
Ezreal,Vladimir,20,Undirected
Ashe,Karma,72,Undirected
Shen,Viktor,28,Undirected
Ashe,Cassiopeia,27,Undirected
Ashe,Nami,24,Undirected
Cassiopeia,Nami,7,Undirected
Cassiopeia,RekSai,31,Undirected
Cassiopeia,Shen,19,Undirected
Nami,Shen,14,Undirected
Elise,Hecarim,2,Undirected
Elise,Sivir,69,Undirected
Elise,Soraka,8,Undirected
Hecarim,Soraka,1,Undirected
Braum,Kindred,26,Undirected
Braum,Sivir,73,Undirected
Kindred,Lissandra,9,Undirected
Kindred,Sivir,23,Undirected
Kindred,Vladimir,5,Undirected
Fiora,Karma,6,Undirected
Janna,Karma,1,Undirected
Azir,Karma,37,Undirected
Gragas,Swain,4,Undirected
Jax,Lucian,6,Undirected
Jax,Viktor,4,Undirected
Karma,RekSai,54,Undirected
Bard,Cassiopeia,10,Undirected
Bard,Hecarim,5,Undirected
Cassiopeia,Hecarim,14,Undirected
Cassiopeia,Lucian,12,Undirected
Cassiopeia,Trundle,13,Undirected
Hecarim,Trundle,8,Undirected
Braum,Jhin,45,Undirected
Elise,Jhin,41,Undirected
Elise,Viktor,55,Undirected
Jhin,Viktor,32,Undirected
Trundle,Viktor,38,Undirected
Swain,Viktor,6,Undirected
Braum,Ezreal,44,Undirected
Jax,Vladimir,4,Undirected
Ashe,Graves,30,Undirected
Jhin,Karma,58,Undirected
Jhin,RekSai,62,Undirected
Anivia,Ezreal,7,Undirected
Anivia,Karma,4,Undirected
Gragas,Jax,6,Undirected
Swain,Trundle,2,Undirected
Swain,Vladimir,2,Undirected
Jax,Ryze,2,Undirected
Nidalee,Ryze,11,Undirected
Ryze,Viktor,5,Undirected
Gragas,Irelia,29,Undirected
Irelia,Karma,26,Undirected
Hecarim,Karma,13,Undirected
Hecarim,Shen,17,Undirected
Lissandra,Shen,3,Undirected
Lucian,Shen,27,Undirected
Leblanc,Trundle,28,Undirected
Jax,Sivir,7,Undirected
Jhin,Nidalee,20,Undirected
Jhin,Rumble,46,Undirected
Jhin,Zyra,46,Undirected
Karma,Rumble,27,Undirected
Karma,Zyra,2,Undirected
Nidalee,Zyra,3,Undirected
Braum,Ryze,24,Undirected
Ezreal,Irelia,7,Undirected
Ashe,Jax,3,Undirected
Ashe,Zilean,12,Undirected
Jax,Zilean,4,Undirected
Cassiopeia,Irelia,8,Undirected
Ashe,Hecarim,16,Undirected
Braum,Hecarim,12,Undirected
Fiora,Thresh,12,Undirected
Karma,Thresh,1,Undirected
Azir,Jhin,21,Undirected
Bard,Gragas,32,Undirected
Bard,Jhin,16,Undirected
Anivia,Ashe,6,Undirected
Anivia,Irelia,6,Undirected
Anivia,Nami,4,Undirected
Anivia,RekSai,14,Undirected
Hecarim,Viktor,14,Undirected
Ashe,Lissandra,12,Undirected
Azir,Lissandra,2,Undirected
Braum,Malzahar,12,Undirected
Lucian,Malzahar,18,Undirected
Malzahar,RekSai,24,Undirected
Malzahar,Shen,21,Undirected
Graves,Ryze,31,Undirected
Graves,Twitch,3,Undirected
Karma,Ryze,48,Undirected
Karma,Twitch,5,Undirected
Maokai,Ryze,38,Undirected
Ryze,Twitch,3,Undirected
Elise,Gnar,43,Undirected
Gnar,Karma,31,Undirected
Gnar,Taliyah,10,Undirected
Gragas,Taliyah,11,Undirected
Karma,Taliyah,13,Undirected
Sivir,Taliyah,13,Undirected
Alistar,Vladimir,18,Undirected
Nidalee,Vladimir,13,Undirected
Jhin,Olaf,13,Undirected
Jhin,Vladimir,22,Undirected
Gnar,Malzahar,20,Undirected
Gragas,Malzahar,26,Undirected
Malzahar,Sivir,24,Undirected
Malzahar,Soraka,3,Undirected
Gnar,Olaf,8,Undirected
Gnar,Trundle,14,Undirected
Gnar,Taric,8,Undirected
Nidalee,Taliyah,6,Undirected
Nidalee,Taric,9,Undirected
Sivir,Taric,25,Undirected
Taliyah,Taric,9,Undirected
Alistar,Illaoi,1,Undirected
Alistar,Taliyah,3,Undirected
Ashe,Illaoi,5,Undirected
Ashe,Taliyah,27,Undirected
Illaoi,Nidalee,2,Undirected
Illaoi,Taliyah,1,Undirected
Bard,Malzahar,9,Undirected
Braum,Rengar,9,Undirected
Malzahar,Rengar,17,Undirected
Malzahar,Rumble,13,Undirected
Rengar,Rumble,32,Undirected
Ashe,Sona,2,Undirected
Hecarim,Sona,1,Undirected
Sona,Trundle,1,Undirected
Sona,Vladimir,2,Undirected
Cassiopeia,Gragas,39,Undirected
Ashe,Gragas,58,Undirected
Gnar,Zilean,7,Undirected
Gragas,Zilean,15,Undirected
Ashe,Rumble,32,Undirected
Rumble,Soraka,2,Undirected
Soraka,Vladimir,2,Undirected
Caitlyn,Malzahar,18,Undirected
Caitlyn,Shen,13,Undirected
Malzahar,Nidalee,6,Undirected
Ashe,Malzahar,35,Undirected
Malzahar,Thresh,2,Undirected
Gnar,Hecarim,3,Undirected
Hecarim,Zilean,2,Undirected
Sivir,Zilean,14,Undirected
Bard,Shen,18,Undirected
Olaf,Taric,2,Undirected
Taric,Vladimir,14,Undirected
Ezreal,Gnar,26,Undirected
Ezreal,Malzahar,9,Undirected
Cassiopeia,Ezreal,16,Undirected
Ashe,Taric,9,Undirected
Shen,Taric,14,Undirected
Leblanc,Olaf,5,Undirected
Leblanc,Taric,2,Undirected
Caitlyn,Cassiopeia,12,Undirected
Caitlyn,Gnar,12,Undirected
Cassiopeia,Gnar,30,Undirected
Ashe,Leblanc,22,Undirected
Cassiopeia,Taric,3,Undirected
Hecarim,Taric,11,Undirected
Braum,Cassiopeia,20,Undirected
Alistar,Cassiopeia,25,Undirected
Kalista,Mordekaiser,1,Undirected
Kalista,Taric,1,Undirected
Karma,Mordekaiser,2,Undirected
Karma,Taric,3,Undirected
Mordekaiser,Taric,1,Undirected
Mordekaiser,Trundle,1,Undirected
Taric,Trundle,8,Undirected
Ashe,TahmKench,24,Undirected
Gragas,Illaoi,2,Undirected
Gragas,TahmKench,36,Undirected
Illaoi,Karma,3,Undirected
Illaoi,TahmKench,1,Undirected
Karma,TahmKench,7,Undirected
Braum,Kassadin,14,Undirected
Ekko,Gragas,32,Undirected
Ekko,Kassadin,3,Undirected
Gragas,Kassadin,20,Undirected
Kassadin,Sivir,23,Undirected
Braum,Gangplank,18,Undirected
Braum,TwistedFate,12,Undirected
Gangplank,Kindred,5,Undirected
Gangplank,TwistedFate,7,Undirected
Kindred,TwistedFate,2,Undirected
Braum,Velkoz,2,Undirected
Gragas,Graves,28,Undirected
Gragas,Velkoz,2,Undirected
Graves,Kalista,34,Undirected
Graves,Velkoz,1,Undirected
Kalista,Velkoz,1,Undirected
Karma,Nautilus,34,Undirected
Karma,Zed,6,Undirected
Anivia,Caitlyn,5,Undirected
Anivia,Ekko,5,Undirected
Anivia,Elise,6,Undirected
Anivia,Soraka,2,Undirected
Ekko,Elise,29,Undirected
Ekko,Soraka,9,Undirected
Bard,Ekko,21,Undirected
Ekko,Lucian,26,Undirected
Kindred,Morgana,5,Undirected
Kindred,Poppy,25,Undirected
Lucian,Ryze,38,Undirected
Poppy,Ryze,24,Undirected
Alistar,Zed,17,Undirected
Elise,Gragas,10,Undirected
Gragas,Ryze,27,Undirected
Janna,Ryze,12,Undirected
Ekko,Kindred,23,Undirected
Ekko,Morgana,7,Undirected
Ekko,Poppy,5,Undirected
Kalista,Lulu,31,Undirected
Lulu,Poppy,18,Undirected
Ekko,Nidalee,15,Undirected
Gragas,Nidalee,4,Undirected
Lulu,Tristana,10,Undirected
Ashe,Syndra,28,Undirected
Gnar,Syndra,9,Undirected
Syndra,Thresh,10,Undirected
Cassiopeia,Jhin,26,Undirected
Cassiopeia,TahmKench,6,Undirected
Gnar,Jhin,25,Undirected
Gnar,TahmKench,26,Undirected
Jhin,TahmKench,41,Undirected
Jhin,Syndra,39,Undirected
Karma,Syndra,28,Undirected
AurelionSol,Bard,2,Undirected
AurelionSol,Gnar,4,Undirected
AurelionSol,Olaf,2,Undirected
AurelionSol,Sivir,6,Undirected
Elise,Rumble,15,Undirected
Elise,Taliyah,10,Undirected
Jhin,Taliyah,16,Undirected
Rumble,Taliyah,5,Undirected
Rumble,Trundle,5,Undirected
Taliyah,Trundle,11,Undirected
Gangplank,Gragas,43,Undirected
Gangplank,Sivir,22,Undirected
Gangplank,Syndra,4,Undirected
Sivir,Syndra,5,Undirected
Cassiopeia,Gangplank,5,Undirected
Gangplank,Jhin,31,Undirected
Gangplank,Trundle,16,Undirected
Gangplank,Lissandra,12,Undirected
Jhin,Shen,39,Undirected
Jhin,Velkoz,2,Undirected
RekSai,Velkoz,2,Undirected
Shen,Velkoz,1,Undirected
Ekko,Taric,7,Undirected
Ekko,Vladimir,8,Undirected
Ezreal,Taric,4,Undirected
Gragas,Taric,15,Undirected
Cassiopeia,Ekko,7,Undirected
Ekko,Jhin,28,Undirected
Cassiopeia,Morgana,5,Undirected
Braum,Taliyah,6,Undirected
RekSai,Taliyah,13,Undirected
Ekko,TahmKench,12,Undirected
Ekko,Taliyah,12,Undirected
TahmKench,Taliyah,5,Undirected
Ashe,Yasuo,6,Undirected
RekSai,Yasuo,2,Undirected
Vladimir,Yasuo,1,Undirected
LeeSin,Syndra,22,Undirected
LeeSin,Taric,3,Undirected
LeeSin,Varus,31,Undirected
Nautilus,Syndra,38,Undirected
Nautilus,Taric,3,Undirected
Nautilus,Varus,44,Undirected
Syndra,Taric,2,Undirected
Syndra,Varus,22,Undirected
Taric,Varus,5,Undirected
Khazix,Orianna,27,Undirected
Khazix,Nautilus,44,Undirected
Khazix,Twitch,4,Undirected
Nautilus,Orianna,37,Undirected
Nautilus,Twitch,1,Undirected
Orianna,Twitch,4,Undirected
Ashe,Corki,14,Undirected
Ashe,Nautilus,45,Undirected
Ashe,Zyra,49,Undirected
Corki,Zyra,16,Undirected
Graves,Zyra,18,Undirected
Nautilus,Zyra,25,Undirected
Graves,Malzahar,23,Undirected
Graves,Varus,30,Undirected
Malzahar,Maokai,27,Undirected
Malzahar,TwistedFate,2,Undirected
Malzahar,Varus,30,Undirected
TwistedFate,Varus,2,Undirected
Fiora,Ryze,8,Undirected
Fiora,Varus,4,Undirected
RekSai,Varus,25,Undirected
Ryze,Varus,28,Undirected
Cassiopeia,Karma,17,Undirected
Cassiopeia,Maokai,31,Undirected
Cassiopeia,Rengar,9,Undirected
Ezreal,Rengar,22,Undirected
Ashe,MissFortune,19,Undirected
Corki,MissFortune,10,Undirected
Elise,Maokai,35,Undirected
Elise,MissFortune,11,Undirected
Maokai,MissFortune,19,Undirected
Ashe,Fiora,9,Undirected
Ashe,Ryze,35,Undirected
Ryze,Thresh,26,Undirected
Ashe,Khazix,61,Undirected
Cassiopeia,Khazix,14,Undirected
Cassiopeia,Nautilus,24,Undirected
Caitlyn,Khazix,8,Undirected
Caitlyn,Syndra,11,Undirected
Khazix,Morgana,7,Undirected
Khazix,Syndra,29,Undirected
Maokai,Syndra,20,Undirected
Morgana,Syndra,3,Undirected
Cassiopeia,LeeSin,7,Undirected
LeeSin,Thresh,44,Undirected
Ashe,Katarina,5,Undirected
Katarina,MissFortune,2,Undirected
Katarina,Nautilus,1,Undirected
Katarina,Olaf,1,Undirected
MissFortune,Nautilus,5,Undirected
MissFortune,Olaf,4,Undirected
Nautilus,Olaf,4,Undirected
Ekko,Fiora,2,Undirected
Ekko,MissFortune,4,Undirected
Fiora,MissFortune,2,Undirected
MissFortune,RekSai,6,Undirected
Corki,Khazix,34,Undirected
Corki,Malzahar,19,Undirected
Khazix,Malzahar,38,Undirected
Khazix,TwistedFate,4,Undirected
Malzahar,Nautilus,23,Undirected
Cassiopeia,Varus,10,Undirected
Malzahar,Syndra,24,Undirected
Ezreal,Khazix,15,Undirected
Ezreal,Orianna,18,Undirected
Khazix,Nami,18,Undirected
Maokai,Nami,27,Undirected
Ashe,Poppy,13,Undirected
Ashe,Rengar,33,Undirected
Poppy,Rengar,7,Undirected
Poppy,Zyra,11,Undirected
Rengar,Ryze,16,Undirected
Rengar,Zyra,25,Undirected
Ekko,Khazix,5,Undirected
Khazix,Poppy,6,Undirected
Poppy,Thresh,28,Undirected
Azir,Rengar,5,Undirected
Azir,Varus,4,Undirected
Rengar,Varus,19,Undirected
Karma,LeeSin,32,Undirected
Ashe,TwistedFate,10,Undirected
Khazix,MissFortune,12,Undirected
MissFortune,Swain,1,Undirected
MissFortune,TwistedFate,1,Undirected
Swain,TwistedFate,2,Undirected
Corki,Rengar,21,Undirected
Corki,Shen,26,Undirected
Corki,Varus,52,Undirected
MissFortune,Rengar,4,Undirected
MissFortune,Shen,11,Undirected
MissFortune,Varus,7,Undirected
Rengar,Shen,21,Undirected
Shen,Varus,28,Undirected
Camille,Jhin,13,Undirected
Camille,Khazix,9,Undirected
Camille,Swain,2,Undirected
Camille,Viktor,4,Undirected
Jhin,Khazix,50,Undirected
Jhin,Swain,8,Undirected
Jhin,Malzahar,51,Undirected
Jhin,Nautilus,42,Undirected
Malzahar,Viktor,3,Undirected
Khazix,Zyra,32,Undirected
Orianna,Zyra,12,Undirected
Ashe,Morgana,5,Undirected
Khazix,Ryze,39,Undirected
Morgana,Nautilus,3,Undirected
Nautilus,Ryze,19,Undirected
Khazix,TahmKench,11,Undirected
Nautilus,TahmKench,9,Undirected
Jhin,Orianna,20,Undirected
Khazix,Trundle,1,Undirected
Malzahar,Orianna,16,Undirected
Malzahar,Trundle,11,Undirected
Orianna,Trundle,5,Undirected
Katarina,Khazix,4,Undirected
Katarina,Malzahar,3,Undirected
Katarina,Shen,3,Undirected
Khazix,Shen,31,Undirected
Corki,Nami,12,Undirected
Nami,Varus,16,Undirected
Varus,Zyra,20,Undirected
AurelionSol,Karma,6,Undirected
AurelionSol,Khazix,5,Undirected
AurelionSol,Maokai,6,Undirected
Camille,Corki,5,Undirected
Camille,LeeSin,11,Undirected
Camille,Thresh,4,Undirected
Corki,Jhin,33,Undirected
Jhin,Thresh,38,Undirected
MissFortune,Morgana,3,Undirected
MissFortune,Zed,1,Undirected
Morgana,Rengar,5,Undirected
Rengar,Zed,6,Undirected
Shen,Zed,7,Undirected
Jhin,Lulu,15,Undirected
Khazix,Lulu,25,Undirected
Jhin,Maokai,58,Undirected
Jhin,Ryze,39,Undirected
Jhin,Taric,10,Undirected
Khazix,Taric,3,Undirected
Maokai,Taric,4,Undirected
Ryze,Taric,3,Undirected
Ekko,Rengar,7,Undirected
Ekko,Shen,13,Undirected
Jhin,MissFortune,13,Undirected
MissFortune,Syndra,4,Undirected
Evelynn,Jhin,2,Undirected
Evelynn,Karma,3,Undirected
Evelynn,Zed,2,Undirected
Jhin,Zed,11,Undirected
Khazix,Rumble,24,Undirected
Rumble,Syndra,15,Undirected
Ivern,Jayce,5,Undirected
Ivern,Jhin,11,Undirected
Ivern,Karma,6,Undirected
Ivern,Taliyah,2,Undirected
Jayce,Jhin,21,Undirected
Jayce,Karma,12,Undirected
Jayce,Taliyah,2,Undirected
Nami,Rumble,17,Undirected
Malzahar,Ryze,16,Undirected
Malzahar,Warwick,1,Undirected
Maokai,Warwick,1,Undirected
Ryze,Warwick,2,Undirected
Varus,Warwick,2,Undirected
Corki,Singed,3,Undirected
Jhin,Singed,5,Undirected
Khazix,Singed,6,Undirected
Malzahar,Singed,3,Undirected
Jayce,Malzahar,13,Undirected
Jayce,Maokai,13,Undirected
Jayce,Nidalee,8,Undirected
Ivern,Rumble,3,Undirected
Ivern,Taric,1,Undirected
Jayce,Taric,1,Undirected
Rumble,Taric,3,Undirected
MissFortune,Ryze,8,Undirected
MissFortune,Thresh,3,Undirected
Ekko,Maokai,19,Undirected
Graves,Jhin,48,Undirected
Jayce,Khazix,10,Undirected
Jayce,Lulu,15,Undirected
Lulu,Rumble,27,Undirected
Gangplank,Malzahar,17,Undirected
Gangplank,Rengar,4,Undirected
Jhin,Rengar,41,Undirected
Graves,Orianna,21,Undirected
Graves,Ziggs,4,Undirected
Shen,Ziggs,3,Undirected
Thresh,Ziggs,3,Undirected
Zed,Ziggs,2,Undirected
Elise,Gangplank,31,Undirected
Elise,Syndra,18,Undirected
Gangplank,Lulu,7,Undirected
Lulu,Syndra,14,Undirected
Ashe,Jayce,14,Undirected
Jayce,Nautilus,7,Undirected
Jayce,Rengar,11,Undirected
Jayce,Soraka,1,Undirected
Nautilus,Rengar,34,Undirected
Nautilus,Soraka,1,Undirected
Rengar,Soraka,2,Undirected
Janna,Rengar,16,Undirected
Ashe,AurelionSol,6,Undirected
AurelionSol,Fiora,1,Undirected
AurelionSol,Rengar,5,Undirected
AurelionSol,Soraka,1,Undirected
Fiora,Rengar,2,Undirected
Fiora,Soraka,1,Undirected
Caitlyn,Rengar,14,Undirected
Leblanc,Rengar,12,Undirected
Leblanc,Zyra,10,Undirected
Camille,Jayce,3,Undirected
Camille,Nidalee,1,Undirected
Camille,Zyra,6,Undirected
Jayce,Zyra,16,Undirected
Jayce,Shen,6,Undirected
Jayce,Sivir,8,Undirected
Janna,Jhin,4,Undirected
Orianna,Rumble,18,Undirected
Ekko,Nautilus,11,Undirected
Ekko,Zyra,6,Undirected
Jhin,Soraka,4,Undirected
LeeSin,Soraka,3,Undirected
Elise,Leblanc,31,Undirected
Leblanc,MissFortune,1,Undirected
Leblanc,Nautilus,17,Undirected
Ahri,Camille,3,Undirected
Ahri,Jhin,10,Undirected
Ahri,Karma,9,Undirected
Ahri,Rengar,11,Undirected
Camille,Karma,16,Undirected
Camille,Rengar,7,Undirected
Nami,Nautilus,16,Undirected
Nami,Olaf,7,Undirected
Nami,Syndra,9,Undirected
Olaf,Syndra,5,Undirected
Bard,Orianna,1,Undirected
Graves,Jayce,4,Undirected
Jayce,TahmKench,7,Undirected
Rumble,TahmKench,15,Undirected
Graves,Mordekaiser,2,Undirected
Mordekaiser,Nautilus,3,Undirected
Mordekaiser,Rumble,1,Undirected
Mordekaiser,Zed,1,Undirected
Ekko,Jayce,5,Undirected
Ekko,LeeSin,17,Undirected
Ekko,Malzahar,12,Undirected
Jayce,LeeSin,18,Undirected
LeeSin,Malzahar,23,Undirected
Blitzcrank,Graves,3,Undirected
Blitzcrank,Mordekaiser,1,Undirected
Blitzcrank,Nautilus,1,Undirected
Blitzcrank,Orianna,1,Undirected
Mordekaiser,Orianna,1,Undirected
Rengar,Syndra,22,Undirected
Ashe,Kled,3,Undirected
Elise,Jayce,25,Undirected
Elise,Kled,6,Undirected
Elise,Nami,22,Undirected
Jayce,Kled,1,Undirected
Jayce,Nami,7,Undirected
Kled,Nami,3,Undirected
Ezreal,Jayce,12,Undirected
Gragas,Jayce,12,Undirected
Gragas,LeeSin,13,Undirected
LeeSin,TahmKench,8,Undirected
Gangplank,Zac,1,Undirected
Jhin,Zac,5,Undirected
Leblanc,Lulu,14,Undirected
Leblanc,Zac,2,Undirected
Lulu,Zac,3,Undirected
Braum,Jayce,8,Undirected
Jayce,Varus,7,Undirected
Ahri,Ashe,16,Undirected
Ahri,Renekton,4,Undirected
Ashe,Renekton,9,Undirected
Renekton,TahmKench,8,Undirected
Rengar,TahmKench,15,Undirected
Graves,Renekton,6,Undirected
Jhin,Renekton,14,Undirected
Renekton,Syndra,7,Undirected
Ashe,Camille,14,Undirected
Camille,Renekton,1,Undirected
Renekton,Viktor,3,Undirected
Rengar,Viktor,5,Undirected
Camille,Ezreal,11,Undirected
Ashe,Talon,8,Undirected
Elise,Talon,9,Undirected
MissFortune,Rumble,4,Undirected
MissFortune,Talon,1,Undirected
Rumble,Talon,13,Undirected
Elise,Graves,4,Undirected
Jax,Leblanc,1,Undirected
Jax,Thresh,3,Undirected
Annie,Cassiopeia,11,Undirected
Annie,Draven,2,Undirected
Cassiopeia,Draven,2,Undirected
Cassiopeia,JarvanIV,9,Undirected
Draven,Gnar,4,Undirected
Gnar,Kassadin,13,Undirected
JarvanIV,Lucian,10,Undirected
JarvanIV,Lulu,19,Undirected
Kassadin,Lucian,16,Undirected
Kassadin,Lulu,9,Undirected
Ahri,Jax,1,Undirected
Jax,Vi,1,Undirected
Azir,Graves,21,Undirected
Azir,LeeSin,11,Undirected
Azir,Xerath,1,Undirected
Graves,Xerath,4,Undirected
LeeSin,Xerath,10,Undirected
Annie,Olaf,3,Undirected
Annie,Zed,7,Undirected
Corki,Olaf,7,Undirected
Olaf,Zed,2,Undirected
Annie,Lulu,9,Undirected
JarvanIV,Sivir,35,Undirected
Corki,Leona,15,Undirected
Gnar,Leona,7,Undirected
Leona,Rengar,1,Undirected
Leona,Sivir,13,Undirected
Leona,Xerath,1,Undirected
Lissandra,Rengar,8,Undirected
Rengar,Xerath,4,Undirected
Sivir,Xerath,9,Undirected
Lissandra,Zed,5,Undirected
Ahri,Lulu,22,Undirected
Leona,Lulu,8,Undirected
Ahri,Gnar,13,Undirected
Gnar,Graves,17,Undirected
Blitzcrank,Kassadin,3,Undirected
Blitzcrank,Kennen,2,Undirected
Blitzcrank,RekSai,4,Undirected
Kassadin,Kennen,2,Undirected
Irelia,Leblanc,9,Undirected
Irelia,Leona,4,Undirected
JarvanIV,Leona,10,Undirected
Leblanc,Leona,7,Undirected
Kassadin,Nidalee,5,Undirected
Kalista,Kassadin,11,Undirected
Kalista,LeeSin,26,Undirected
Kalista,Leona,4,Undirected
Janna,Kassadin,12,Undirected
Kassadin,Rengar,9,Undirected
Graves,Irelia,7,Undirected
Irelia,Kassadin,7,Undirected
Irelia,Thresh,20,Undirected
Kassadin,Thresh,16,Undirected
Caitlyn,Kassadin,5,Undirected
Ahri,JarvanIV,18,Undirected
Cassiopeia,Nidalee,8,Undirected
Annie,Orianna,4,Undirected
Azir,Lulu,5,Undirected
Azir,Zed,1,Undirected
JarvanIV,Zed,4,Undirected
Ahri,Morgana,13,Undirected
Morgana,Thresh,7,Undirected
Cassiopeia,Graves,14,Undirected
Cassiopeia,Lissandra,2,Undirected
Ahri,Blitzcrank,1,Undirected
Blitzcrank,Kalista,3,Undirected
Blitzcrank,LeeSin,2,Undirected
Blitzcrank,Maokai,2,Undirected
Kennen,Tristana,2,Undirected
Sejuani,Tristana,3,Undirected
Tristana,Zed,3,Undirected
JarvanIV,Jinx,6,Undirected
Jinx,Kassadin,1,Undirected
Annie,Morgana,3,Undirected
Graves,Rengar,5,Undirected
Janna,Sejuani,11,Undirected
Leona,Nidalee,5,Undirected
Kennen,Lulu,6,Undirected
Lulu,Maokai,29,Undirected
Gnar,Rengar,7,Undirected
Janna,Leblanc,13,Undirected
Janna,Karthus,4,Undirected
Jinx,Karthus,2,Undirected
Jinx,Nunu,4,Undirected
Karthus,Maokai,8,Undirected
Karthus,Nunu,1,Undirected
Maokai,Nunu,8,Undirected
Annie,Nunu,5,Undirected
Annie,Yorick,1,Undirected
Caitlyn,Nunu,1,Undirected
Caitlyn,Yorick,1,Undirected
Cassiopeia,Yorick,1,Undirected
Nunu,Yorick,1,Undirected
Morgana,Nami,1,Undirected
Nami,Zed,4,Undirected
Ahri,Nami,5,Undirected
Ahri,Sejuani,4,Undirected
Kalista,Nami,2,Undirected
Kalista,Sejuani,8,Undirected
Lulu,Nami,9,Undirected
Nami,Sejuani,1,Undirected
Chogath,Janna,3,Undirected
Chogath,Leblanc,1,Undirected
Chogath,Lucian,2,Undirected
Chogath,RekSai,8,Undirected
Gragas,Leona,6,Undirected
Leona,Maokai,10,Undirected
Leblanc,Sion,1,Undirected
Fizz,Gnar,8,Undirected
Fizz,Kalista,3,Undirected
Fizz,Morgana,7,Undirected
Azir,Draven,1,Undirected
Azir,Evelynn,6,Undirected
Draven,Evelynn,1,Undirected
Evelynn,Maokai,15,Undirected
Evelynn,Morgana,7,Undirected
Gnar,Xerath,10,Undirected
Kalista,Xerath,4,Undirected
Azir,Ezreal,31,Undirected
Evelynn,Nautilus,10,Undirected
Evelynn,Ryze,6,Undirected
Cassiopeia,Ryze,2,Undirected
Evelynn,Jax,2,Undirected
Evelynn,KogMaw,3,Undirected
Ezreal,KogMaw,7,Undirected
Ezreal,Morgana,10,Undirected
Jax,KogMaw,1,Undirected
KogMaw,Morgana,8,Undirected
Annie,KogMaw,2,Undirected
Annie,Nocturne,1,Undirected
Gragas,Nocturne,2,Undirected
KogMaw,Nocturne,1,Undirected
Hecarim,Kalista,11,Undirected
Fizz,Orianna,6,Undirected
Hecarim,Morgana,8,Undirected
Ekko,Leona,2,Undirected
LeeSin,Rumble,40,Undirected
Corki,Taric,2,Undirected
Hecarim,Lulu,5,Undirected
Lulu,Taric,1,Undirected
RekSai,Taric,11,Undirected
Cassiopeia,Lulu,14,Undirected
Cassiopeia,Vayne,5,Undirected
LeeSin,Vayne,7,Undirected
Lulu,Shen,17,Undirected
Lulu,Vayne,8,Undirected
Shen,Vayne,5,Undirected
Annie,Vladimir,5,Undirected
Fizz,Nunu,1,Undirected
Fizz,Vladimir,4,Undirected
Ekko,Varus,22,Undirected
Janna,Varus,6,Undirected
Janna,Jayce,9,Undirected
Jayce,Olaf,4,Undirected
Jayce,Ryze,7,Undirected
Kalista,KogMaw,3,Undirected
Jayce,Kalista,2,Undirected
Sivir,Varus,22,Undirected
Fizz,Jayce,3,Undirected
Alistar,Jayce,7,Undirected
Jayce,Thresh,8,Undirected
Diana,Nautilus,1,Undirected
Diana,RekSai,8,Undirected
Diana,Ryze,2,Undirected
Diana,Sivir,10,Undirected
LeeSin,Viktor,27,Undirected
Janna,Viktor,27,Undirected
Lulu,Viktor,7,Undirected
Nunu,Viktor,3,Undirected
Irelia,Lulu,1,Undirected
Irelia,Nautilus,2,Undirected
Jayce,Lucian,8,Undirected
Corki,Orianna,6,Undirected
JarvanIV,Orianna,6,Undirected
Irelia,Morgana,6,Undirected
Irelia,Shen,1,Undirected
KogMaw,Thresh,13,Undirected
Corki,TahmKench,16,Undirected
Irelia,TahmKench,3,Undirected
Chogath,Maokai,8,Undirected
Chogath,Urgot,5,Undirected
Janna,Urgot,4,Undirected
Jinx,Udyr,3,Undirected
Morgana,Udyr,4,Undirected
Orianna,Udyr,2,Undirected
Sion,Udyr,3,Undirected
Jinx,KogMaw,3,Undirected
KogMaw,Sion,3,Undirected
KogMaw,Udyr,1,Undirected
Maokai,Shaco,1,Undirected
Shaco,Sivir,1,Undirected
Shaco,Syndra,1,Undirected
Shaco,Thresh,1,Undirected
Chogath,Ezreal,2,Undirected
Chogath,Thresh,5,Undirected
Chogath,Vladimir,2,Undirected
Caitlyn,LeeSin,16,Undirected
LeeSin,Zed,7,Undirected
Annie,Shyvana,1,Undirected
Caitlyn,Orianna,16,Undirected
Caitlyn,Shyvana,2,Undirected
LeeSin,Shyvana,2,Undirected
Kassadin,Sion,1,Undirected
Ahri,Hecarim,6,Undirected
Orianna,Sejuani,1,Undirected
Ahri,Tristana,7,Undirected
LeeSin,Tristana,18,Undirected
Thresh,Tristana,11,Undirected
Fizz,LeeSin,8,Undirected
Annie,Nautilus,4,Undirected
Corki,Fizz,15,Undirected
Fizz,Maokai,9,Undirected
Fizz,Shen,7,Undirected
Azir,Riven,3,Undirected
Elise,Riven,5,Undirected
Riven,Shen,1,Undirected
Riven,Sivir,6,Undirected
Alistar,Olaf,9,Undirected
Elise,Fizz,17,Undirected
Fizz,Lulu,8,Undirected
Braum,Fizz,4,Undirected
Elise,Vayne,10,Undirected
Gangplank,Vayne,2,Undirected
Gangplank,Vladimir,8,Undirected
Vayne,Vladimir,2,Undirected
Gangplank,Yasuo,1,Undirected
Braum,KogMaw,12,Undirected
Lucian,Olaf,3,Undirected
Olaf,Poppy,5,Undirected
Olaf,Zac,1,Undirected
Poppy,Zac,2,Undirected
Graves,Trundle,33,Undirected
Shen,Trundle,13,Undirected
Leblanc,Lissandra,10,Undirected
Braum,TahmKench,2,Undirected
Kalista,TahmKench,12,Undirected
Lulu,TahmKench,5,Undirected
Cassiopeia,Kalista,11,Undirected
Gnar,Kindred,6,Undirected
Kalista,Kindred,21,Undirected
TahmKench,Thresh,5,Undirected
Alistar,Quinn,12,Undirected
Lucian,Quinn,7,Undirected
Lulu,Quinn,5,Undirected
Quinn,RekSai,2,Undirected
Braum,Fiora,13,Undirected
Kennen,Viktor,12,Undirected
Gangplank,Graves,10,Undirected
Gangplank,Kennen,3,Undirected
Gangplank,MissFortune,3,Undirected
Gangplank,Thresh,14,Undirected
Graves,MissFortune,7,Undirected
Kennen,MissFortune,2,Undirected
Ahri,Malphite,2,Undirected
Braum,Malphite,9,Undirected
Kalista,Malphite,5,Undirected
Janna,TahmKench,1,Undirected
Ahri,MissFortune,2,Undirected
Alistar,MissFortune,3,Undirected
Malphite,MissFortune,1,Undirected
Ahri,Gangplank,2,Undirected
Ahri,Poppy,4,Undirected
Gangplank,Poppy,4,Undirected
Gangplank,Tristana,4,Undirected
Nidalee,Tristana,3,Undirected
Poppy,Tristana,1,Undirected
Corki,Viktor,18,Undirected
Fiora,TahmKench,5,Undirected
Gragas,Malphite,8,Undirected
KogMaw,Malphite,2,Undirected
KogMaw,Soraka,1,Undirected
Malphite,Soraka,1,Undirected
KogMaw,Lissandra,3,Undirected
Corki,Zilean,6,Undirected
Bard,Gangplank,11,Undirected
Bard,Rammus,4,Undirected
Elise,Rammus,3,Undirected
Gangplank,Rammus,1,Undirected
Lucian,Rammus,9,Undirected
KogMaw,Quinn,3,Undirected
KogMaw,TahmKench,6,Undirected
LeeSin,Quinn,4,Undirected
Quinn,TahmKench,2,Undirected
Gragas,Poppy,27,Undirected
Gragas,Rammus,7,Undirected
Kalista,Rammus,5,Undirected
Rammus,Thresh,5,Undirected
Rammus,Viktor,3,Undirected
Corki,Quinn,7,Undirected
Nautilus,Quinn,7,Undirected
Nidalee,TahmKench,13,Undirected
Braum,Rammus,6,Undirected
Corki,Rammus,4,Undirected
Jhin,Rammus,2,Undirected
LeeSin,Rammus,2,Undirected
Janna,Rammus,1,Undirected
Rammus,Sivir,1,Undirected
Ezreal,Lulu,42,Undirected
Gragas,MissFortune,3,Undirected
Karma,MissFortune,4,Undirected
Karma,Morgana,2,Undirected
MissFortune,Trundle,3,Undirected
Alistar,Jhin,20,Undirected
Alistar,Renekton,2,Undirected
Gragas,Renekton,7,Undirected
Lissandra,Rammus,2,Undirected
Poppy,Sivir,26,Undirected
Azir,Rammus,2,Undirected
Nidalee,Rammus,3,Undirected
Rammus,Trundle,1,Undirected
Azir,TahmKench,5,Undirected
Caitlyn,TahmKench,4,Undirected
Kindred,Maokai,19,Undirected
Kindred,TahmKench,4,Undirected
Maokai,TahmKench,7,Undirected
Braum,Swain,12,Undirected
LeeSin,Swain,4,Undirected
Azir,Fizz,9,Undirected
Bard,Fizz,5,Undirected
Ezreal,Kindred,19,Undirected
Karma,Kindred,14,Undirected
Trundle,Zyra,6,Undirected
TwistedFate,Zyra,3,Undirected
Gragas,Khazix,5,Undirected
Gragas,Nami,12,Undirected
Khazix,Vladimir,3,Undirected
Draven,Gragas,2,Undirected
Draven,Karma,3,Undirected
Draven,LeeSin,2,Undirected
Azir,MissFortune,3,Undirected
Azir,Poppy,27,Undirected
MissFortune,Poppy,2,Undirected
Elise,Olaf,6,Undirected
Olaf,Vayne,2,Undirected
Vayne,Viktor,12,Undirected
Nami,Poppy,8,Undirected
Poppy,Vladimir,7,Undirected
Braum,Karma,10,Undirected
Kindred,Olaf,1,Undirected
Fizz,Olaf,1,Undirected
Olaf,RekSai,5,Undirected
Braum,Zilean,15,Undirected
Irelia,Zilean,13,Undirected
Ryze,Shen,18,Undirected
Fizz,Karma,8,Undirected
Bard,Varus,5,Undirected
Ezreal,Varus,6,Undirected
Gnar,Ryze,12,Undirected
Ashe,Kindred,10,Undirected
Kindred,Zyra,1,Undirected
Jax,Jhin,3,Undirected
Syndra,Trundle,1,Undirected
TahmKench,Vladimir,10,Undirected
Jhin,Nami,13,Undirected
Gnar,Swain,2,Undirected
Graves,Sivir,34,Undirected
Bard,Ryze,10,Undirected
Janna,Kindred,4,Undirected
Kindred,Viktor,13,Undirected
Azir,Taliyah,1,Undirected
Karma,Kassadin,4,Undirected
Taric,Viktor,5,Undirected
Jax,Olaf,2,Undirected
Olaf,Zilean,4,Undirected
Illaoi,Taric,2,Undirected
Illaoi,Viktor,1,Undirected
Irelia,Jhin,18,Undirected
Irelia,Trundle,2,Undirected
Azir,Gangplank,8,Undirected
Gangplank,Karma,12,Undirected
Elise,Malzahar,25,Undirected
Jax,Malzahar,2,Undirected
Jax,Trundle,3,Undirected
Bard,Taliyah,3,Undirected
Irelia,Taliyah,1,Undirected
Olaf,Taliyah,3,Undirected
Trundle,Zilean,11,Undirected
Fiora,Malzahar,4,Undirected
Fiora,Nami,3,Undirected
Fiora,Sivir,7,Undirected
Malzahar,Nami,1,Undirected
Fiora,Taric,1,Undirected
Fiora,Vladimir,2,Undirected
Alistar,Malzahar,11,Undirected
Sivir,TahmKench,23,Undirected
TahmKench,Trundle,13,Undirected
Ashe,Gangplank,23,Undirected
Irelia,Rumble,3,Undirected
Hecarim,Malzahar,6,Undirected
Karma,Malzahar,7,Undirected
Malzahar,Vladimir,4,Undirected
Malzahar,TahmKench,16,Undirected
Kassadin,Trundle,8,Undirected
Hecarim,Irelia,2,Undirected
Malzahar,Taric,6,Undirected
Fiora,TwistedFate,11,Undirected
Bard,Kassadin,2,Undirected
Bard,Tristana,2,Undirected
Kassadin,Shen,7,Undirected
Kassadin,Tristana,4,Undirected
RekSai,Tristana,11,Undirected
Hecarim,Tristana,5,Undirected
Leblanc,Shen,21,Undirected
Leblanc,Tristana,11,Undirected
Jax,Taric,1,Undirected
Alistar,Kassadin,10,Undirected
Ashe,Kassadin,7,Undirected
Hecarim,Kassadin,2,Undirected
Taric,Tristana,3,Undirected
Tristana,Vladimir,4,Undirected
Karma,KogMaw,5,Undirected
Shen,TahmKench,5,Undirected
Leblanc,Malzahar,5,Undirected
Malzahar,Tristana,2,Undirected
Fiora,Jhin,8,Undirected
Jhin,TwistedFate,2,Undirected
Gangplank,Maokai,2,Undirected
Jhin,Lissandra,8,Undirected
Gragas,Kindred,3,Undirected
Kindred,Orianna,3,Undirected
Poppy,Trundle,19,Undirected
Poppy,Varus,13,Undirected
Ekko,Lissandra,7,Undirected
Thresh,Trundle,19,Undirected
Ekko,Zed,3,Undirected
Ezreal,Zed,16,Undirected
Kindred,Thresh,12,Undirected
Corki,Vladimir,4,Undirected
Elise,Taric,6,Undirected
Lucian,Taliyah,6,Undirected
Lucian,Taric,7,Undirected
Gangplank,TahmKench,17,Undirected
Kassadin,Taric,2,Undirected
Ashe,Nocturne,2,Undirected
Maokai,Nocturne,1,Undirected
Nocturne,Syndra,1,Undirected
Nocturne,Zyra,1,Undirected
Syndra,Zyra,19,Undirected
Shen,Taliyah,5,Undirected
Shen,Zyra,32,Undirected
Taliyah,Zyra,12,Undirected
LeeSin,Zyra,33,Undirected
Ashe,Ivern,2,Undirected
Ivern,MissFortune,5,Undirected
Ivern,Syndra,5,Undirected
Caitlyn,Camille,6,Undirected
Camille,Lulu,10,Undirected
Camille,Orianna,8,Undirected
Camille,Rumble,5,Undirected
Lulu,Orianna,17,Undirected
Shen,Syndra,15,Undirected
Jhin,Mordekaiser,1,Undirected
Mordekaiser,Rengar,1,Undirected
Rengar,Trundle,4,Undirected
Ivern,Malzahar,6,Undirected
Ivern,Poppy,2,Undirected
Ivern,Ryze,8,Undirected
Malzahar,Poppy,8,Undirected
Bard,Khazix,1,Undirected
Khazix,Taliyah,7,Undirected
Maokai,Taliyah,6,Undirected
Nautilus,Taliyah,16,Undirected
Bard,Ivern,2,Undirected
Caitlyn,Ivern,8,Undirected
Ivern,Shen,8,Undirected
Corki,Ivern,6,Undirected
Ivern,Maokai,7,Undirected
Ivern,Varus,9,Undirected
Ivern,Trundle,1,Undirected
Cassiopeia,Ivern,2,Undirected
Ivern,TahmKench,3,Undirected
Camille,Nautilus,2,Undirected
Draven,Jayce,2,Undirected
Draven,Malzahar,2,Undirected
Draven,Orianna,2,Undirected
Jayce,Orianna,3,Undirected
Camille,Zilean,4,Undirected
Jhin,Zilean,10,Undirected
LeeSin,Zilean,4,Undirected
Orianna,Zilean,1,Undirected
Gangplank,LeeSin,7,Undirected
Gangplank,Varus,5,Undirected
Gangplank,Zyra,2,Undirected
LeeSin,MissFortune,8,Undirected
MissFortune,Zyra,2,Undirected
Khazix,Leblanc,6,Undirected
Ivern,Kennen,3,Undirected
Kennen,Malzahar,5,Undirected
Malzahar,MissFortune,3,Undirected
Jayce,Warwick,1,Undirected
Jhin,Warwick,1,Undirected
Rumble,Warwick,2,Undirected
TahmKench,Warwick,1,Undirected
Ryze,TahmKench,14,Undirected
TahmKench,Varus,14,Undirected
Orianna,Renekton,7,Undirected
Orianna,TahmKench,8,Undirected
Camille,Ryze,6,Undirected
Camille,Ziggs,3,Undirected
Karma,Ziggs,4,Undirected
LeeSin,Ziggs,7,Undirected
Ryze,Ziggs,3,Undirected
Gangplank,Ivern,2,Undirected
Ivern,Leblanc,2,Undirected
Ivern,Sivir,1,Undirected
Ivern,Zyra,6,Undirected
Sivir,Zyra,4,Undirected
Camille,Draven,1,Undirected
Camille,Malzahar,7,Undirected
Camille,Taliyah,4,Undirected
Draven,Rengar,2,Undirected
Draven,Taliyah,1,Undirected
Malzahar,Taliyah,2,Undirected
Rengar,Taliyah,8,Undirected
Karma,Leblanc,14,Undirected
Lulu,Rengar,32,Undirected
Ahri,Malzahar,7,Undirected
Malzahar,Renekton,13,Undirected
Renekton,Ryze,5,Undirected
Ekko,Renekton,2,Undirected
Elise,Renekton,9,Undirected
Elise,Varus,36,Undirected
Renekton,Varus,7,Undirected
Fiora,LeeSin,8,Undirected
Fiora,Syndra,1,Undirected
Cassiopeia,Malzahar,5,Undirected
Gnar,MissFortune,3,Undirected
MissFortune,Viktor,5,Undirected
Elise,Kassadin,8,Undirected
Gangplank,Kassadin,5,Undirected
Bard,MissFortune,1,Undirected
Lux,MissFortune,1,Undirected
MissFortune,TahmKench,2,Undirected
Fiora,Kindred,4,Undirected
Fiora,Viktor,13,Undirected
Kindred,Leblanc,10,Undirected
Kindred,Quinn,2,Undirected
Leblanc,Quinn,5,Undirected
Cassiopeia,Olaf,9,Undirected
Kalista,Olaf,4,Undirected
LeeSin,Trundle,10,Undirected
Bard,LeeSin,4,Undirected
Bard,Quinn,3,Undirected
Quinn,TwistedFate,4,Undirected
Poppy,TahmKench,10,Undirected
TahmKench,Viktor,14,Undirected
Gangplank,Viktor,11,Undirected
Lulu,Ryze,12,Undirected
Fiora,Graves,7,Undirected
Fiora,Zilean,3,Undirected
Nidalee,Syndra,4,Undirected
Bard,Fiora,9,Undirected
Fiora,Lux,3,Undirected
Alistar,Kennen,6,Undirected
Alistar,Nocturne,2,Undirected
Ashe,Kennen,8,Undirected
Kennen,Nocturne,2,Undirected
Lissandra,Nocturne,2,Undirected
Fiora,Leblanc,6,Undirected
Fiora,Tristana,7,Undirected
Ezreal,Leblanc,17,Undirected
Ashe,Quinn,1,Undirected
Kassadin,Poppy,5,Undirected
Elise,Quinn,10,Undirected
Morgana,Quinn,1,Undirected
Quinn,Varus,1,Undirected
Nidalee,Varus,19,Undirected
Bard,Kindred,7,Undirected
Lucian,Varus,9,Undirected
Nautilus,Poppy,7,Undirected
Alistar,Varus,21,Undirected
Caitlyn,Varus,5,Undirected
Kindred,Zed,3,Undirected
Alistar,Rammus,5,Undirected
Ashe,Rammus,1,Undirected
Leblanc,Rammus,4,Undirected
KogMaw,Varus,3,Undirected
Poppy,Vayne,2,Undirected
Vayne,Zilean,1,Undirected
Kindred,Nautilus,9,Undirected
Kennen,Kindred,2,Undirected
Kennen,Leblanc,6,Undirected
Kennen,Nautilus,7,Undirected
Maokai,Trundle,12,Undirected
Elise,Kennen,18,Undirected
Kennen,TwistedFate,4,Undirected
Bard,Jayce,2,Undirected
Corki,Jayce,17,Undirected
Ekko,Trundle,14,Undirected
Ashe,Varus,5,Undirected
Kennen,Nidalee,3,Undirected
Kennen,Sivir,9,Undirected
Ekko,Fizz,7,Undirected
Soraka,Varus,3,Undirected
Alistar,Amumu,1,Undirected
Amumu,Ashe,1,Undirected
Amumu,Ekko,1,Undirected
Amumu,Varus,1,Undirected
Ezreal,Swain,2,Undirected
Anivia,Graves,4,Undirected
Anivia,Sivir,9,Undirected
Karma,Nami,5,Undirected
Kindred,Nami,2,Undirected
Fizz,Ryze,4,Undirected
Jhin,Kindred,5,Undirected
Hecarim,Jhin,9,Undirected
Anivia,Jhin,4,Undirected
Anivia,Trundle,3,Undirected
Graves,Taliyah,9,Undirected
Alistar,Irelia,13,Undirected
TahmKench,Taric,1,Undirected
AurelionSol,Gragas,4,Undirected
AurelionSol,Kalista,1,Undirected
AurelionSol,TahmKench,2,Undirected
Hecarim,TahmKench,2,Undirected
Malzahar,Yasuo,1,Undirected
TahmKench,Yasuo,1,Undirected
Ekko,TwistedFate,6,Undirected
Thresh,TwistedFate,21,Undirected
Gnar,Varus,6,Undirected
Hecarim,Taliyah,5,Undirected
Gangplank,Taric,6,Undirected
Ekko,KogMaw,6,Undirected
KogMaw,Malzahar,4,Undirected
Gangplank,KogMaw,1,Undirected
Graves,KogMaw,5,Undirected
Lissandra,Malzahar,1,Undirected
Lissandra,Taric,4,Undirected
Lissandra,TahmKench,11,Undirected
AurelionSol,Shen,5,Undirected
AurelionSol,Trundle,2,Undirected
Kindred,Zilean,7,Undirected
TahmKench,Zilean,6,Undirected
Elise,Velkoz,3,Undirected
Ezreal,Velkoz,1,Undirected
Poppy,Velkoz,1,Undirected
TahmKench,Velkoz,1,Undirected
AurelionSol,Gangplank,1,Undirected
AurelionSol,Jhin,5,Undirected
AurelionSol,RekSai,4,Undirected
Gangplank,Taliyah,5,Undirected
Ezreal,Taliyah,7,Undirected
Gangplank,Hecarim,2,Undirected
Ekko,Zilean,4,Undirected
Jhin,Kennen,9,Undirected
Jhin,Skarner,3,Undirected
Kennen,Skarner,4,Undirected
Kennen,TahmKench,6,Undirected
Kennen,Taliyah,2,Undirected
Skarner,TahmKench,1,Undirected
Skarner,Taliyah,1,Undirected
MissFortune,Singed,2,Undirected
MissFortune,Taliyah,1,Undirected
Rengar,Singed,2,Undirected
Singed,Taliyah,2,Undirected
Camille,RekSai,3,Undirected
Katarina,Poppy,1,Undirected
Katarina,Rengar,1,Undirected
Katarina,Ziggs,1,Undirected
Katarina,Zyra,2,Undirected
Poppy,Ziggs,1,Undirected
Rengar,Ziggs,5,Undirected
Ziggs,Zyra,4,Undirected
Jhin,Sion,2,Undirected
Rengar,Sion,2,Undirected
Caitlyn,Jayce,8,Undirected
Jayce,Leblanc,1,Undirected
Jayce,RekSai,7,Undirected
Cassiopeia,Kennen,3,Undirected
Kennen,Olaf,2,Undirected
Kennen,Varus,11,Undirected
Malzahar,Olaf,8,Undirected
Olaf,Varus,7,Undirected
Olaf,Orianna,4,Undirected
Maokai,Olaf,7,Undirected
Ahri,Jayce,2,Undirected
Ahri,Khazix,9,Undirected
Ashe,Singed,2,Undirected
Singed,Zyra,1,Undirected
Corki,Sion,6,Undirected
Malzahar,Sion,1,Undirected
RekSai,Sion,2,Undirected
Nami,Rengar,12,Undirected
Camille,Elise,15,Undirected
Camille,Syndra,8,Undirected
Camille,Varus,7,Undirected
Syndra,Zilean,1,Undirected
Varus,Zilean,4,Undirected
Gangplank,Katarina,1,Undirected
Gangplank,Khazix,2,Undirected
Olaf,Renekton,2,Undirected
Viktor,Zyra,13,Undirected
Fiora,Jayce,2,Undirected
AurelionSol,MissFortune,1,Undirected
MissFortune,Orianna,2,Undirected
Kennen,Syndra,2,Undirected
Elise,Sion,2,Undirected
Sion,Syndra,1,Undirected
Sion,Varus,2,Undirected
Sion,Velkoz,1,Undirected
Syndra,Velkoz,1,Undirected
Varus,Velkoz,1,Undirected
Azir,Ziggs,1,Undirected
Azir,Zyra,1,Undirected
Rumble,Ziggs,2,Undirected
Khazix,Zilean,5,Undirected
Camille,TahmKench,2,Undirected
Olaf,Rengar,1,Undirected
Jayce,Ziggs,7,Undirected
Malzahar,Ziggs,5,Undirected
Malzahar,Zyra,2,Undirected
Ahri,Zyra,6,Undirected
Caitlyn,Thresh,6,Undirected
Rengar,Thresh,12,Undirected
Nautilus,Talon,9,Undirected
Rengar,Talon,5,Undirected
Talon,Zyra,2,Undirected
Ahri,Varus,8,Undirected
Jayce,Renekton,2,Undirected
Lulu,Renekton,10,Undirected
Ashe,Zed,10,Undirected
Malzahar,Zed,1,Undirected
Syndra,Ziggs,3,Undirected
Leblanc,TahmKench,10,Undirected
Ashe,Lulu,34,Undirected
Khazix,Renekton,4,Undirected
Gangplank,Orianna,5,Undirected
Camille,Gragas,6,Undirected
Ezreal,Zilean,10,Undirected
Lulu,Zilean,3,Undirected
Rumble,Zilean,6,Undirected
Camille,Graves,5,Undirected
Fizz,JarvanIV,4,Undirected
Ezreal,Jinx,2,Undirected
Chogath,Irelia,1,Undirected
Chogath,Kalista,5,Undirected
Chogath,Nidalee,2,Undirected
Ahri,Caitlyn,2,Undirected
Annie,Chogath,1,Undirected
Chogath,Kassadin,1,Undirected
Corki,Vi,5,Undirected
JarvanIV,Karma,2,Undirected
Hecarim,JarvanIV,1,Undirected
Hecarim,Leona,5,Undirected
Diana,Maokai,6,Undirected
Diana,Thresh,6,Undirected
Leblanc,Renekton,4,Undirected
Hecarim,Vi,2,Undirected
Cassiopeia,Jinx,3,Undirected
Hecarim,Jinx,7,Undirected
Bard,Chogath,2,Undirected
Bard,Sejuani,2,Undirected
Chogath,Sejuani,3,Undirected
Hecarim,Ryze,2,Undirected
Leblanc,Nunu,3,Undirected
Alistar,Urgot,11,Undirected
Fizz,Irelia,3,Undirected
Fizz,Urgot,4,Undirected
Irelia,Urgot,3,Undirected
Chogath,Nautilus,3,Undirected
Nautilus,Urgot,11,Undirected
Alistar,Chogath,3,Undirected
Chogath,Gragas,5,Undirected
Leblanc,Urgot,5,Undirected
Ashe,Chogath,1,Undirected
Cassiopeia,Chogath,1,Undirected
Chogath,Leona,1,Undirected
Chogath,Vayne,1,Undirected
Leona,Vayne,1,Undirected
Cassiopeia,Corki,8,Undirected
Cassiopeia,Fizz,4,Undirected
Cassiopeia,Tristana,2,Undirected
Fizz,Vayne,5,Undirected
Nidalee,Vayne,3,Undirected
Jinx,Viktor,4,Undirected
Alistar,Shyvana,1,Undirected
RekSai,Shyvana,3,Undirected
Ryze,Shyvana,1,Undirected
Shyvana,Sivir,3,Undirected
Ekko,Irelia,1,Undirected
Irelia,Vayne,2,Undirected
Rumble,TwistedFate,7,Undirected
Alistar,Rengar,4,Undirected
Rengar,Vayne,2,Undirected
Alistar,Diana,3,Undirected
Diana,Jinx,4,Undirected
Jinx,Ryze,3,Undirected
Janna,Vladimir,4,Undirected
Jinx,Nautilus,3,Undirected
Diana,Janna,3,Undirected
Ekko,Talon,1,Undirected
Graves,Talon,3,Undirected
Leona,Ryze,4,Undirected
Leona,Talon,1,Undirected
Ryze,Talon,2,Undirected
Ezreal,Nunu,2,Undirected
Gnar,Kennen,7,Undirected
Gnar,Sejuani,9,Undirected
Gnar,Urgot,7,Undirected
Gnar,Zed,3,Undirected
Urgot,Zed,1,Undirected
Karthus,Nautilus,3,Undirected
Karthus,Sejuani,1,Undirected
Karthus,Urgot,1,Undirected
Sejuani,TwistedFate,4,Undirected
Gragas,Kennen,9,Undirected
Janna,Kennen,2,Undirected
KogMaw,Viktor,8,Undirected
Ahri,Ekko,1,Undirected
Hecarim,Varus,2,Undirected
DrMundo,Janna,4,Undirected
DrMundo,Lulu,3,Undirected
DrMundo,MissFortune,1,Undirected
DrMundo,Nautilus,1,Undirected
Janna,MissFortune,1,Undirected
Lulu,MissFortune,1,Undirected
Braum,Diana,2,Undirected
Diana,Graves,2,Undirected
Diana,Trundle,1,Undirected
Lissandra,MissFortune,2,Undirected
Maokai,Poppy,2,Undirected
Ezreal,Lucian,2,Undirected
Lucian,Rengar,16,Undirected
Fiora,Nautilus,4,Undirected
Ezreal,Quinn,2,Undirected
Gangplank,Malphite,4,Undirected
Malphite,Thresh,5,Undirected
Elise,Leona,5,Undirected
Leona,Lucian,3,Undirected
Leona,Trundle,1,Undirected
Bard,Zed,4,Undirected
Malphite,Zed,1,Undirected
TahmKench,Zed,6,Undirected
Lulu,Rammus,3,Undirected
Rammus,RekSai,2,Undirected
Elise,Karthus,2,Undirected
Ezreal,Gangplank,10,Undirected
Ezreal,Karthus,2,Undirected
Gangplank,Karthus,1,Undirected
Karthus,Trundle,1,Undirected
Gragas,Kayle,2,Undirected
Kalista,Kayle,1,Undirected
Kayle,Trundle,1,Undirected
Kayle,Zed,2,Undirected
Kindred,Rammus,2,Undirected
KogMaw,Rammus,2,Undirected
Azir,Blitzcrank,1,Undirected
Blitzcrank,Caitlyn,2,Undirected
Ryze,Vladimir,1,Undirected
Azir,Leona,8,Undirected
Jhin,Leona,3,Undirected
Leona,Shen,4,Undirected
Anivia,Gangplank,1,Undirected
Jhin,Kassadin,9,Undirected
Leona,Vladimir,2,Undirected
Shen,Twitch,3,Undirected
Anivia,Gnar,3,Undirected
Bard,Rumble,4,Undirected
Gangplank,Janna,4,Undirected
Janna,Malzahar,2,Undirected
Kindred,Malzahar,1,Undirected
Janna,Syndra,5,Undirected
Hecarim,Rumble,5,Undirected
Ezreal,Hecarim,3,Undirected
Cassiopeia,Elise,18,Undirected
AurelionSol,Elise,5,Undirected
AurelionSol,Kled,1,Undirected
AurelionSol,Varus,4,Undirected
AurelionSol,Zyra,8,Undirected
Kled,Varus,4,Undirected
Kled,Zyra,1,Undirected
Khazix,Ziggs,3,Undirected
Zed,Zyra,6,Undirected
Kassadin,Zyra,2,Undirected
Cassiopeia,Poppy,7,Undirected
Gragas,Rengar,6,Undirected
Malzahar,Zilean,2,Undirected
Maokai,Xerath,5,Undirected
Corki,Pantheon,2,Undirected
Kassadin,Pantheon,1,Undirected
Kassadin,Rumble,11,Undirected
Pantheon,Rumble,1,Undirected
Pantheon,Thresh,3,Undirected
JarvanIV,Sion,7,Undirected
Sion,Tristana,1,Undirected
JarvanIV,Syndra,6,Undirected
DrMundo,Leblanc,1,Undirected
DrMundo,LeeSin,2,Undirected
DrMundo,Morgana,1,Undirected
DrMundo,Sivir,1,Undirected
Ezreal,Kassadin,6,Undirected
Kassadin,Leblanc,2,Undirected
Thresh,Xerath,5,Undirected
Ezreal,Xerath,3,Undirected
Lulu,Xerath,2,Undirected
JarvanIV,Nami,5,Undirected
Kassadin,Nami,5,Undirected
Kassadin,KogMaw,2,Undirected
Karma,Xerath,1,Undirected
Ezreal,Leona,3,Undirected
JarvanIV,Nidalee,3,Undirected
Ezreal,Veigar,2,Undirected
JarvanIV,Veigar,2,Undirected
Lissandra,Veigar,1,Undirected
Rumble,Veigar,1,Undirected
Kalista,Karthus,3,Undirected
Karthus,RekSai,2,Undirected
JarvanIV,Viktor,6,Undirected
Annie,Xerath,4,Undirected
Vi,Xerath,1,Undirected
Leona,Rumble,5,Undirected
Leona,Vi,4,Undirected
Karthus,Nidalee,1,Undirected
DrMundo,Graves,1,Undirected
DrMundo,Xerath,2,Undirected
Nidalee,Vi,2,Undirected
Diana,Hecarim,3,Undirected
Diana,Kalista,2,Undirected
Diana,Udyr,1,Undirected
Hecarim,Udyr,1,Undirected
Kalista,Udyr,1,Undirected
Diana,KogMaw,2,Undirected
Diana,Lulu,3,Undirected
Nunu,Sion,1,Undirected
Sion,Vladimir,2,Undirected
Alistar,Anivia,3,Undirected
Anivia,Hecarim,1,Undirected
Anivia,Sejuani,1,Undirected
Anivia,Urgot,1,Undirected
Hecarim,Urgot,6,Undirected
Kennen,Vladimir,1,Undirected
Chogath,Nunu,2,Undirected
Chogath,Rumble,1,Undirected
Nautilus,Nunu,5,Undirected
Hecarim,Kennen,1,Undirected
Hecarim,KogMaw,2,Undirected
Kennen,KogMaw,3,Undirected
KogMaw,Sejuani,2,Undirected
Nunu,Urgot,4,Undirected
Rumble,Urgot,6,Undirected
Urgot,Vladimir,4,Undirected
Cassiopeia,Janna,3,Undirected
Cassiopeia,Sejuani,6,Undirected
Chogath,Hecarim,2,Undirected
Cassiopeia,KogMaw,3,Undirected
Gragas,Shyvana,3,Undirected
Gragas,Urgot,13,Undirected
Gragas,Ziggs,4,Undirected
Shyvana,Thresh,2,Undirected
Shyvana,Urgot,2,Undirected
Shyvana,Ziggs,1,Undirected
Urgot,Ziggs,1,Undirected
Azir,Shyvana,2,Undirected
Azir,Urgot,3,Undirected
Nautilus,Shyvana,4,Undirected
Nunu,Shyvana,3,Undirected
Annie,Lucian,9,Undirected
Azir,Sejuani,4,Undirected
Ezreal,Sejuani,3,Undirected
Leblanc,Yasuo,1,Undirected
Nautilus,Yasuo,3,Undirected
Sivir,Yasuo,3,Undirected
Nunu,Sejuani,1,Undirected
Nunu,Varus,2,Undirected
Sejuani,Varus,2,Undirected
Nunu,Vayne,2,Undirected
Braum,Evelynn,5,Undirected
Cassiopeia,Evelynn,6,Undirected
Evelynn,Sivir,20,Undirected
Alistar,Evelynn,20,Undirected
Corki,Evelynn,11,Undirected
Evelynn,Irelia,2,Undirected
Evelynn,Rumble,14,Undirected
Leblanc,Ryze,2,Undirected
Jayce,Nunu,1,Undirected
Varus,Vayne,1,Undirected
Hecarim,Vayne,3,Undirected
Ahri,Nunu,3,Undirected
Corki,Riven,5,Undirected
Gragas,Riven,4,Undirected
Karma,Riven,2,Undirected
Riven,Varus,1,Undirected
Annie,MasterYi,1,Undirected
Kalista,MasterYi,1,Undirected
MasterYi,Morgana,1,Undirected
MasterYi,RekSai,1,Undirected
Annie,Ryze,2,Undirected
Evelynn,Lucian,4,Undirected
Ryze,Zed,9,Undirected
Evelynn,Vayne,6,Undirected
Evelynn,Hecarim,4,Undirected
Evelynn,TwistedFate,6,Undirected
Alistar,Riven,9,Undirected
RekSai,Riven,8,Undirected
Riven,Viktor,5,Undirected
Shyvana,Viktor,1,Undirected
Nidalee,Riven,1,Undirected
Riven,TwistedFate,3,Undirected
Corki,MasterYi,1,Undirected
Evelynn,Janna,3,Undirected
Evelynn,MasterYi,1,Undirected
Janna,MasterYi,1,Undirected
MasterYi,Rumble,1,Undirected
Annie,Varus,2,Undirected
Evelynn,Viktor,11,Undirected
Evelynn,Kennen,3,Undirected
Kennen,Lucian,7,Undirected
KogMaw,Ryze,2,Undirected
Evelynn,Fizz,4,Undirected
Fizz,Kennen,2,Undirected
Alistar,Yasuo,6,Undirected
Evelynn,Yasuo,2,Undirected
Ryze,Yasuo,4,Undirected
Fizz,Leona,2,Undirected
Fizz,KogMaw,4,Undirected
KogMaw,TwistedFate,3,Undirected
Jinx,LeeSin,7,Undirected
Jinx,TwistedFate,6,Undirected
Braum,Nunu,1,Undirected
Nunu,Ryze,1,Undirected
KogMaw,Yasuo,3,Undirected
Maokai,Yasuo,6,Undirected
Cassiopeia,Leona,2,Undirected
JarvanIV,RekSai,7,Undirected
Ahri,KogMaw,6,Undirected
Kennen,Shen,7,Undirected
Azir,Yasuo,2,Undirected
Elise,Yasuo,3,Undirected
Ashe,Malphite,3,Undirected
Malphite,Yasuo,1,Undirected
Kennen,Shyvana,1,Undirected
Lulu,Shyvana,2,Undirected
Janna,Riven,2,Undirected
Riven,Vayne,1,Undirected
Kennen,Vayne,1,Undirected
Ashe,Riven,3,Undirected
Kennen,Riven,2,Undirected
Maokai,Riven,1,Undirected
Kennen,Malphite,2,Undirected
Elise,Orianna,25,Undirected
Malphite,Orianna,2,Undirected
Malphite,Vayne,1,Undirected
Malphite,Viktor,4,Undirected
Diana,Elise,4,Undirected
Elise,Jinx,9,Undirected
Azir,Fiora,4,Undirected
Fiora,KogMaw,1,Undirected
Fizz,Malphite,1,Undirected
Malphite,Sivir,4,Undirected
Alistar,Nami,1,Undirected
LeeSin,Yasuo,8,Undirected
Nami,Tristana,5,Undirected
Nami,Yasuo,3,Undirected
LeeSin,Twitch,5,Undirected
Twitch,Yasuo,3,Undirected
Irelia,Rengar,2,Undirected
Rengar,Tristana,1,Undirected
Rengar,Zilean,7,Undirected
Tristana,Zilean,4,Undirected
Janna,Khazix,8,Undirected
Ryze,Syndra,3,Undirected
KogMaw,Rengar,1,Undirected
Janna,Yasuo,4,Undirected
KogMaw,Xerath,1,Undirected
Rumble,Xerath,4,Undirected
Rengar,Twitch,5,Undirected
Twitch,Zed,1,Undirected
Alistar,Janna,1,Undirected
Alistar,Khazix,2,Undirected
Alistar,Morgana,4,Undirected
Orianna,Tristana,7,Undirected
Irelia,LeeSin,4,Undirected
Leona,TwistedFate,2,Undirected
Orianna,Ryze,4,Undirected
Jinx,Kayle,1,Undirected
Jinx,Zed,3,Undirected
Kayle,LeeSin,3,Undirected
Kayle,Thresh,2,Undirected
Khazix,Vayne,1,Undirected
Morgana,Swain,1,Undirected
Morgana,Ziggs,1,Undirected
Swain,Vayne,1,Undirected
Swain,Ziggs,1,Undirected
Vayne,Ziggs,2,Undirected
Fizz,Twitch,4,Undirected
Janna,Twitch,9,Undirected
JarvanIV,Twitch,3,Undirected
Syndra,Twitch,2,Undirected
Rumble,Yasuo,7,Undirected
LeeSin,Riven,1,Undirected
Lulu,Riven,1,Undirected
Riven,Thresh,1,Undirected
Riven,Tristana,1,Undirected
Evelynn,Nami,1,Undirected
Evelynn,Zilean,1,Undirected
Irelia,KogMaw,3,Undirected
Nami,Zilean,5,Undirected
JarvanIV,Yasuo,2,Undirected
Ahri,Rammus,1,Undirected
Irelia,Rammus,1,Undirected
Ahri,Zilean,1,Undirected
Kassadin,Zed,2,Undirected
Kassadin,Zilean,1,Undirected
Zed,Zilean,2,Undirected
Elise,Twitch,6,Undirected
Jayce,Twitch,3,Undirected
JarvanIV,Ryze,4,Undirected
Jayce,Morgana,1,Undirected
Maokai,Pantheon,1,Undirected
Pantheon,Ryze,1,Undirected
Janna,Talon,3,Undirected
Talon,Twitch,1,Undirected
Maokai,Rammus,1,Undirected
Maokai,Tristana,10,Undirected
Rammus,Ryze,1,Undirected
Rammus,Tristana,1,Undirected
Kassadin,Orianna,1,Undirected
Alistar,Darius,4,Undirected
Darius,Elise,7,Undirected
Darius,Jinx,5,Undirected
Darius,Lulu,1,Undirected
Darius,Gangplank,2,Undirected
Darius,Morgana,3,Undirected
Darius,Nidalee,2,Undirected
Darius,Varus,1,Undirected
LeeSin,Olaf,1,Undirected
Annie,Yasuo,2,Undirected
Jinx,Yasuo,1,Undirected
Azir,Darius,5,Undirected
Azir,Mordekaiser,1,Undirected
Darius,Leona,1,Undirected
Darius,Mordekaiser,2,Undirected
Elise,Mordekaiser,2,Undirected
Leona,Mordekaiser,1,Undirected
Jinx,Leblanc,5,Undirected
Jinx,Malphite,4,Undirected
Draven,Elise,3,Undirected
Draven,Gangplank,1,Undirected
Draven,Thresh,2,Undirected
Draven,TwistedFate,1,Undirected
Gangplank,Veigar,1,Undirected
LeeSin,Veigar,1,Undirected
Morgana,Veigar,1,Undirected
Tristana,Veigar,1,Undirected
Fizz,Jinx,1,Undirected
Fizz,TahmKench,1,Undirected
Jinx,TahmKench,4,Undirected
Darius,LeeSin,2,Undirected
Darius,Tristana,3,Undirected
Darius,Fizz,1,Undirected
Darius,Kalista,5,Undirected
Darius,Thresh,4,Undirected
Darius,Skarner,1,Undirected
Gangplank,Jinx,1,Undirected
Gangplank,Skarner,1,Undirected
Jinx,Skarner,1,Undirected
Skarner,Thresh,1,Undirected
Alistar,Mordekaiser,1,Undirected
Ekko,Mordekaiser,1,Undirected
Ekko,Riven,1,Undirected
Mordekaiser,Riven,1,Undirected
Darius,Ryze,1,Undirected
Lulu,Malphite,5,Undirected
Malphite,TahmKench,1,Undirected
Darius,KogMaw,1,Undirected
Darius,RekSai,3,Undirected
Anivia,Kalista,4,Undirected
Anivia,Lulu,3,Undirected
Darius,Gragas,3,Undirected
Darius,TwistedFate,2,Undirected
Gragas,Mordekaiser,2,Undirected
Mordekaiser,Thresh,2,Undirected
Mordekaiser,TwistedFate,1,Undirected
Lulu,Mordekaiser,1,Undirected
Mordekaiser,Renekton,1,Undirected
Renekton,Thresh,3,Undirected
Darius,Leblanc,2,Undirected
Darius,TahmKench,2,Undirected
Darius,Vayne,1,Undirected
TahmKench,Vayne,1,Undirected
Anivia,TahmKench,1,Undirected
Anivia,Jinx,1,Undirected
Anivia,Morgana,1,Undirected
Fiora,Kassadin,4,Undirected
Kassadin,TahmKench,5,Undirected
TahmKench,Tristana,4,Undirected
JarvanIV,Kennen,3,Undirected
Jinx,Riven,2,Undirected
Caitlyn,Fiora,6,Undirected
Caitlyn,Veigar,1,Undirected
Elise,Veigar,1,Undirected
Fiora,Shen,4,Undirected
Fiora,Veigar,2,Undirected
Shen,Veigar,1,Undirected
Fiora,JarvanIV,1,Undirected
Rumble,Shen,3,Undirected
Fiora,Zac,1,Undirected
Kalista,Veigar,1,Undirected
TahmKench,Veigar,1,Undirected
TahmKench,Zac,2,Undirected
Veigar,Zac,1,Undirected
Ezreal,Kennen,5,Undirected
Ezreal,Nocturne,1,Undirected
Kennen,Soraka,1,Undirected
Malzahar,Nocturne,1,Undirected
Nocturne,Soraka,1,Undirected
Anivia,Brand,1,Undirected
Anivia,Poppy,1,Undirected
Brand,Elise,2,Undirected
Brand,Lucian,1,Undirected
Brand,Poppy,1,Undirected
Alistar,AurelionSol,3,Undirected
AurelionSol,Caitlyn,5,Undirected
AurelionSol,Nidalee,1,Undirected
Poppy,Taric,1,Undirected
Jayce,Syndra,2,Undirected
AurelionSol,Ekko,1,Undirected
AurelionSol,LeeSin,6,Undirected
Caitlyn,Olaf,8,Undirected
Caitlyn,Kennen,4,Undirected
Caitlyn,Skarner,2,Undirected
Cassiopeia,Skarner,2,Undirected
Karma,Kennen,13,Undirected
Karma,Skarner,4,Undirected
Hecarim,Nami,3,Undirected
Hecarim,Poppy,1,Undirected
Irelia,Syndra,2,Undirected
Kennen,Ryze,11,Undirected
Kennen,Nami,1,Undirected
AurelionSol,Ezreal,4,Undirected
AurelionSol,Nami,3,Undirected
AurelionSol,Poppy,3,Undirected
Olaf,TahmKench,1,Undirected
AurelionSol,Jayce,2,Undirected
Jayce,Vladimir,3,Undirected
MissFortune,Nidalee,2,Undirected
Cassiopeia,Leblanc,1,Undirected
Cassiopeia,Urgot,5,Undirected
Annie,Urgot,2,Undirected
TwistedFate,Urgot,1,Undirected
Azir,Twitch,2,Undirected
Kindred,Twitch,2,Undirected
Poppy,Twitch,2,Undirected
Maokai,Soraka,3,Undirected
Ekko,Twitch,1,Undirected
Ekko,Sona,1,Undirected
Ezreal,Sona,2,Undirected
Graves,Sona,2,Undirected
Ryze,Sona,2,Undirected
Nidalee,Sona,1,Undirected
Poppy,Sona,1,Undirected
Morgana,Renekton,1,Undirected
Kindred,Rumble,2,Undirected
FiddleSticks,Janna,1,Undirected
FiddleSticks,Maokai,1,Undirected
FiddleSticks,Orianna,1,Undirected
FiddleSticks,Twitch,1,Undirected
Camille,Ekko,1,Undirected
Ezreal,Kled,4,Undirected
Kled,Viktor,1,Undirected
Braum,Ziggs,1,Undirected
Cassiopeia,Kled,1,Undirected
Cassiopeia,Zac,2,Undirected
Ezreal,Zac,2,Undirected
Kled,Lulu,3,Undirected
Kled,Zac,1,Undirected
LeeSin,Talon,9,Undirected
Malzahar,Talon,4,Undirected
Renekton,Talon,4,Undirected
Renekton,Ziggs,2,Undirected
Talon,Ziggs,1,Undirected
Malzahar,Swain,2,Undirected
Ryze,Zilean,2,Undirected
Shen,Zilean,3,Undirected
Nautilus,Ziggs,4,Undirected
Lulu,Ziggs,3,Undirected
Lulu,Taliyah,11,Undirected
Ezreal,Renekton,3,Undirected
Camille,Cassiopeia,3,Undirected
Ashe,Brand,1,Undirected
Brand,Graves,3,Undirected
Brand,Nautilus,3,Undirected
Brand,Zed,2,Undirected
Thresh,Zilean,6,Undirected
Brand,Jhin,2,Undirected
Ashe,Leona,2,Undirected
Khazix,Leona,1,Undirected
Leona,Nautilus,1,Undirected
Malphite,Rengar,1,Undirected
Jax,Kalista,2,Undirected
Jax,Lulu,2,Undirected
Jax,Poppy,1,Undirected
Corki,Nocturne,1,Undirected
Lissandra,Malphite,3,Undirected
Malphite,Nocturne,1,Undirected
Fiora,Zed,2,Undirected
Nautilus,Zilean,8,Undirected
Janna,Trundle,2,Undirected
Ezreal,Malphite,2,Undirected
Ezreal,Lux,1,Undirected
Gragas,Lux,1,Undirected
Poppy,TwistedFate,2,Undirected
Fiora,Lissandra,8,Undirected
Gragas,Quinn,4,Undirected
Lissandra,Swain,1,Undirected
Swain,Taric,1,Undirected
Ekko,Swain,5,Undirected
Irelia,Swain,5,Undirected
Anivia,Kindred,4,Undirected
Irelia,Kindred,1,Undirected
Braum,Illaoi,1,Undirected
Elise,Illaoi,1,Undirected
Elise,Swain,4,Undirected
Illaoi,Swain,1,Undirected
Illaoi,Tristana,1,Undirected
Swain,Tristana,2,Undirected
Kindred,Lux,1,Undirected
Lux,Malphite,1,Undirected
Lux,Thresh,1,Undirected
Malphite,Nautilus,2,Undirected
Graves,Vayne,1,Undirected
Trundle,Vayne,1,Undirected
Braum,Morgana,1,Undirected
Swain,Zyra,2,Undirected
Jhin,Xerath,1,Undirected
MissFortune,Xerath,1,Undirected
Cassiopeia,Illaoi,1,Undirected
Cassiopeia,Zyra,4,Undirected
Illaoi,LeeSin,2,Undirected
Illaoi,Zyra,1,Undirected
Jayce,Singed,1,Undirected
Singed,Ziggs,1,Undirected
Camille,Katarina,2,Undirected
Elise,Katarina,1,Undirected
Jhin,Katarina,2,Undirected
Illaoi,Jayce,1,Undirected
Illaoi,Malzahar,1,Undirected
Illaoi,Varus,3,Undirected
Ashe,Darius,1,Undirected
Darius,Karma,1,Undirected
Darius,Rengar,1,Undirected
Darius,Zed,1,Undirected
AurelionSol,Rumble,2,Undirected
AurelionSol,Thresh,2,Undirected
Ekko,Syndra,3,Undirected
Ekko,Ziggs,1,Undirected
TahmKench,Ziggs,2,Undirected
Renekton,Zyra,4,Undirected
Ezreal,Talon,6,Undirected
Olaf,Talon,1,Undirected
Talon,Thresh,4,Undirected
Kled,Nautilus,1,Undirected
Kled,Talon,2,Undirected
Jayce,Zac,2,Undirected
Maokai,Ziggs,2,Undirected
Nidalee,Ziggs,2,Undirected
Elise,JarvanIV,3,Undirected
JarvanIV,Malzahar,1,Undirected
LeeSin,Taliyah,6,Undirected
Renekton,Vladimir,1,Undirected
Kled,Lucian,1,Undirected
Kled,Malzahar,3,Undirected
Kled,Orianna,1,Undirected
Kled,Rengar,2,Undirected
Ashe,Karthus,1,Undirected
Karthus,Khazix,1,Undirected
Karthus,Lulu,1,Undirected
Lulu,Varus,22,Undirected
Caitlyn,Talon,3,Undirected
Gragas,Talon,5,Undirected
Lulu,Talon,6,Undirected
Varus,Vladimir,6,Undirected
Swain,Varus,1,Undirected
Ahri,Fizz,3,Undirected
Fizz,Khazix,8,Undirected
Camille,Fizz,1,Undirected
Camille,Vladimir,4,Undirected
Gnar,Ziggs,3,Undirected
Kassadin,Ziggs,1,Undirected
Caitlyn,Taric,1,Undirected
Caitlyn,Warwick,2,Undirected
Kassadin,Warwick,1,Undirected
Taric,Warwick,1,Undirected
Camille,Lucian,2,Undirected
Graves,Sion,2,Undirected
Jayce,Viktor,2,Undirected
Nami,Talon,5,Undirected
Talon,Varus,4,Undirected
Shen,Talon,2,Undirected
Taliyah,Thresh,3,Undirected
Rengar,Vladimir,5,Undirected
Khazix,Sona,1,Undirected
Maokai,Sona,2,Undirected
Sona,Syndra,1,Undirected
Sona,Varus,3,Undirected
KogMaw,Talon,3,Undirected
Karma,Talon,6,Undirected
Kennen,Orianna,8,Undirected
Elise,LeeSin,2,Undirected
Elise,Ziggs,3,Undirected
Orianna,Ziggs,2,Undirected
Ekko,Kennen,4,Undirected
Kennen,Zyra,6,Undirected
Brand,Leblanc,1,Undirected
Brand,Rengar,1,Undirected
Brand,Shen,2,Undirected
Brand,Varus,2,Undirected
Leblanc,Varus,5,Undirected
Kalista,Syndra,2,Undirected
Kalista,Zyra,1,Undirected
Fizz,Malzahar,2,Undirected
Kalista,Swain,1,Undirected
Nautilus,Swain,1,Undirected
Brand,Cassiopeia,1,Undirected
Kalista,Taliyah,2,Undirected
Jhin,Talon,2,Undirected
Ashe,Lux,1,Undirected
Khazix,Lux,1,Undirected
Lux,Nautilus,1,Undirected
Lux,Ryze,1,Undirected
Renekton,Taliyah,2,Undirected
Ashe,Velkoz,2,Undirected
Jayce,Velkoz,1,Undirected
Orianna,Velkoz,1,Undirected
Khazix,KogMaw,2,Undirected
KogMaw,Syndra,1,Undirected
Taliyah,Varus,6,Undirected
Ahri,Sona,1,Undirected
Rengar,Sona,1,Undirected
Rumble,Sona,3,Undirected
Sona,Taliyah,2,Undirected
Cassiopeia,Fiora,1,Undirected
Ahri,DrMundo,1,Undirected
Ashe,DrMundo,1,Undirected
DrMundo,Nami,1,Undirected
DrMundo,Rengar,1,Undirected
Ivern,KogMaw,2,Undirected
Ivern,Nautilus,3,Undirected
Ivern,Talon,1,Undirected
Kled,Leblanc,2,Undirected
Fizz,Syndra,3,Undirected
Ezreal,Fiddlesticks,1,Undirected
Fiddlesticks,Gragas,1,Undirected
Fiddlesticks,Graves,1,Undirected
Fiddlesticks,Syndra,1,Undirected
Camille,Leblanc,3,Undirected
Camille,Twitch,2,Undirected
Gragas,Twitch,4,Undirected
Leblanc,Twitch,2,Undirected
AurelionSol,Camille,2,Undirected
AurelionSol,Kennen,1,Undirected
Camille,Kennen,1,Undirected
Camille,Shen,1,Undirected
Kennen,Khazix,3,Undirected
Kennen,Rengar,1,Undirected
Gragas,Ivern,2,Undirected
Ivern,Thresh,4,Undirected
Camille,Ivern,3,Undirected
Ivern,Lulu,3,Undirected
Ivern,Swain,1,Undirected
Lulu,Swain,1,Undirected
Lucian,Talon,1,Undirected
Camille,MissFortune,1,Undirected
Renekton,Zilean,1,Undirected
Karma,Kled,1,Undirected
Kled,LeeSin,1,Undirected
Kled,Taliyah,1,Undirected
Ashe,JarvanIV,1,Undirected
JarvanIV,Khazix,1,Undirected
Graves,Jinx,1,Undirected
Jinx,Taliyah,1,Undirected
Varus,Zed,2,Undirected
Ahri,Kled,1,Undirected
Blitzcrank,Cassiopeia,1,Undirected
Blitzcrank,JarvanIV,1,Undirected
Blitzcrank,Sion,1,Undirected
Cassiopeia,Sion,1,Undirected
Kassadin,Nunu,2,Undirected
Braum,Vi,1,Undirected
Tristana,Vi,1,Undirected
Karthus,Vi,1,Undirected
Gragas,Vi,1,Undirected
Orianna,Vi,1,Undirected
Fizz,Hecarim,3,Undirected
Fizz,Sejuani,2,Undirected
Ahri,Vayne,4,Undirected
KogMaw,Urgot,2,Undirected
Lulu,Urgot,3,Undirected
Annie,Katarina,1,Undirected
Annie,Zac,2,Undirected
Katarina,Lucian,2,Undirected
Katarina,Sion,1,Undirected
Katarina,Zac,1,Undirected
Lucian,Sion,2,Undirected
Sion,Zac,1,Undirected
Annie,Hecarim,3,Undirected
Fizz,Yasuo,1,Undirected
Kassadin,Nautilus,6,Undirected
Kassadin,Sejuani,3,Undirected
Kassadin,Vayne,2,Undirected
Sejuani,Vayne,2,Undirected
Hecarim,Malphite,1,Undirected
LeeSin,Malphite,1,Undirected
Leblanc,Sejuani,4,Undirected
JarvanIV,Urgot,1,Undirected
Ryze,Urgot,2,Undirected
KogMaw,Zac,1,Undirected
Gragas,JarvanIV,4,Undirected
JarvanIV,Nautilus,4,Undirected
Evelynn,Jinx,1,Undirected
Evelynn,Thresh,5,Undirected
Nautilus,Shen,3,Undirected
Azir,Kennen,1,Undirected
KogMaw,Tristana,2,Undirected
Gnar,Vi,1,Undirected
KogMaw,Vi,1,Undirected
JarvanIV,KogMaw,1,Undirected
Gnar,Shyvana,1,Undirected
Karma,Shyvana,1,Undirected
Karma,Tristana,3,Undirected
Shyvana,Tristana,1,Undirected
Draven,Irelia,1,Undirected
Draven,Kassadin,1,Undirected
Ashe,Shyvana,1,Undirected
Graves,Urgot,1,Undirected
Leona,Zed,2,Undirected
Vi,Vladimir,1,Undirected
Vladimir,Zed,2,Undirected
Lissandra,Sion,2,Undirected
Sejuani,Sion,2,Undirected
Sion,Urgot,1,Undirected
Corki,Shyvana,1,Undirected
Kassadin,Shyvana,2,Undirected
Braum,Sejuani,1,Undirected
Kennen,Sion,2,Undirected
Chogath,Kennen,2,Undirected
Chogath,Vi,1,Undirected
KogMaw,Leona,1,Undirected
Fizz,Soraka,4,Undirected
Morgana,Yasuo,1,Undirected
Vayne,Yasuo,1,Undirected
Braum,Draven,2,Undirected
Chogath,TwistedFate,1,Undirected
Caitlyn,TwistedFate,2,Undirected
Fiora,Olaf,1,Undirected
Lissandra,Olaf,3,Undirected
Lissandra,Viktor,6,Undirected
Janna,Quinn,4,Undirected
Quinn,Syndra,1,Undirected
Chogath,Lux,1,Undirected
Chogath,Soraka,1,Undirected
Ekko,Lux,1,Undirected
Lux,Rumble,1,Undirected
Bard,Pantheon,1,Undirected
Lulu,TwistedFate,2,Undirected
Morgana,TwistedFate,1,Undirected
Alistar,Kayle,1,Undirected
Gangplank,Kayle,1,Undirected
Kayle,Lucian,4,Undirected
Bard,Udyr,2,Undirected
Ezreal,Udyr,2,Undirected
Fiora,Udyr,1,Undirected
Leblanc,Udyr,1,Undirected
Corki,Jax,1,Undirected
Corki,Udyr,1,Undirected
Jax,Udyr,1,Undirected
Gangplank,Zed,1,Undirected
Riven,Zyra,1,Undirected
Lissandra,Zyra,2,Undirected
Bard,JarvanIV,1,Undirected
JarvanIV,Zilean,1,Undirected
Anivia,Fizz,2,Undirected
Fizz,Kindred,3,Undirected
Fizz,Varus,6,Undirected
Irelia,Varus,1,Undirected
Illaoi,Vayne,1,Undirected
Illaoi,Ziggs,1,Undirected
Karma,Vayne,1,Undirected
Anivia,Olaf,1,Undirected
Ryze,Swain,1,Undirected
Caitlyn,Evelynn,1,Undirected
Evelynn,Fiora,1,Undirected
Kindred,Shen,4,Undirected
Cassiopeia,Twitch,1,Undirected
Gnar,Twitch,4,Undirected
Riven,Soraka,1,Undirected
Riven,Taliyah,1,Undirected
Soraka,Taliyah,2,Undirected
Gangplank,Zilean,4,Undirected
Jax,Soraka,1,Undirected
AurelionSol,Jax,1,Undirected
Gragas,Sona,2,Undirected
Gangplank,Twitch,1,Undirected
Malzahar,Twitch,1,Undirected
Irelia,Malzahar,2,Undirected
Jhin,Sona,1,Undirected
Gnar,Velkoz,2,Undirected
Thresh,Velkoz,1,Undirected
Alistar,Velkoz,1,Undirected
Illaoi,RekSai,3,Undirected
Illaoi,Sivir,1,Undirected
Illaoi,Vladimir,1,Undirected
JarvanIV,Taric,1,Undirected
JarvanIV,TwistedFate,2,Undirected
Taric,TwistedFate,1,Undirected
Kassadin,Malzahar,2,Undirected
Cassiopeia,Yasuo,1,Undirected
Braum,Zac,1,Undirected
Fizz,MissFortune,2,Undirected
Lissandra,Varus,2,Undirected
Anivia,LeeSin,2,Undirected
Anivia,Maokai,4,Undirected
Azir,Ivern,1,Undirected
Jayce,MissFortune,2,Undirected
Camille,Taric,1,Undirected
Graves,Taric,1,Undirected
Zilean,Zyra,1,Undirected
Kled,Olaf,1,Undirected
AurelionSol,Braum,2,Undirected
Sivir,Talon,1,Undirected
Leona,Syndra,1,Undirected
Aatrox,Blitzcrank,1,Undirected
Aatrox,Gnar,1,Undirected
Aatrox,Graves,1,Undirected
Aatrox,Kassadin,1,Undirected
Blitzcrank,Gnar,1,Undirected
Leona,Olaf,2,Undirected
Annie,Elise,3,Undirected
Braum,JarvanIV,3,Undirected
Ahri,Azir,1,Undirected
Caitlyn,KogMaw,1,Undirected
Maokai,Sion,1,Undirected
KogMaw,Olaf,1,Undirected
Graves,Zac,1,Undirected
Hecarim,Zac,1,Undirected
Lissandra,Zac,1,Undirected
Annie,Syndra,2,Undirected
Hecarim,Syndra,1,Undirected
Nunu,Syndra,1,Undirected
JarvanIV,Sejuani,1,Undirected
Jinx,Trundle,1,Undirected
Diana,Leona,2,Undirected
Diana,Sejuani,1,Undirected
Leona,Sejuani,1,Undirected
Caitlyn,Katarina,2,Undirected
Katarina,LeeSin,2,Undirected
Katarina,Maokai,2,Undirected
Katarina,Nami,1,Undirected
Evelynn,Kalista,4,Undirected
Azir,Chogath,1,Undirected
Chogath,Morgana,1,Undirected
Evelynn,Varus,3,Undirected
Jax,Varus,1,Undirected
Annie,TwistedFate,4,Undirected
Azir,Vladimir,2,Undirected
Ezreal,MonkeyKing,1,Undirected
Ezreal,Shyvana,1,Undirected
Janna,MonkeyKing,1,Undirected
Janna,Shyvana,3,Undirected
KogMaw,MonkeyKing,1,Undirected
KogMaw,Shyvana,1,Undirected
MonkeyKing,Shyvana,1,Undirected
Ezreal,Urgot,1,Undirected
Orianna,Yasuo,1,Undirected
Galio,Jinx,1,Undirected
Galio,Morgana,1,Undirected
Galio,RekSai,1,Undirected
Galio,Varus,1,Undirected
Gnar,Jayce,1,Undirected
Fizz,Trundle,2,Undirected
Tristana,Trundle,2,Undirected
Kalista,Yasuo,1,Undirected
LeeSin,Nunu,1,Undirected
Jinx,Vladimir,2,Undirected
Gnar,Maokai,1,Undirected
Shyvana,Vayne,1,Undirected
Alistar,Karthus,2,Undirected
Fizz,Karthus,1,Undirected
Karthus,Tristana,1,Undirected
Fizz,Gangplank,1,Undirected
Gangplank,Shen,1,Undirected
Annie,Gangplank,1,Undirected
Corki,Zac,1,Undirected
RekSai,Zac,1,Undirected
Taric,Zac,1,Undirected
Alistar,Lux,2,Undirected
Gnar,Lux,1,Undirected
Jayce,Poppy,1,Undirected
Jayce,Trundle,4,Undirected
Malphite,Quinn,4,Undirected
Caitlyn,Quinn,2,Undirected
Fiora,Gangplank,1,Undirected
Malphite,Nidalee,1,Undirected
Quinn,Thresh,6,Undirected
Khazix,Lissandra,1,Undirected
Fizz,Zyra,1,Undirected
Draven,Fizz,1,Undirected
Gnar,Zyra,1,Undirected
Olaf,Swain,1,Undirected
Anivia,Bard,2,Undirected
Anivia,Shen,5,Undirected
Kassadin,Taliyah,1,Undirected
Jax,TwistedFate,1,Undirected
Gangplank,Olaf,1,Undirected
Nami,TahmKench,1,Undirected
Gangplank,Swain,1,Undirected
Cassiopeia,Jax,1,Undirected
KogMaw,Taric,1,Undirected
Kassadin,Kindred,2,Undirected
Ekko,Gangplank,2,Undirected
Anivia,Taric,1,Undirected
Kennen,Trundle,1,Undirected
Corki,Illaoi,1,Undirected
Illaoi,Nautilus,1,Undirected
Ivern,Kassadin,1,Undirected
Ivern,Katarina,1,Undirected
Katarina,Thresh,2,Undirected
Lulu,Warwick,1,Undirected
Shen,Warwick,1,Undirected
Camille,Maokai,1,Undirected
Camille,Soraka,1,Undirected
Ivern,Soraka,1,Undirected
Gnar,Ivern,1,Undirected
Braum,Singed,1,Undirected
Camille,Gnar,1,Undirected
Elise,Lux,3,Undirected
Lux,Shen,1,Undirected
Jayce,Lissandra,3,Undirected
Quinn,Tristana,1,Undirected
Graves,Tristana,2,Undirected
Lissandra,TwistedFate,2,Undirected
Lissandra,Zilean,1,Undirected
Lissandra,Quinn,1,Undirected
Rammus,Rumble,1,Undirected
Kindred,Varus,4,Undirected
Lux,Trundle,2,Undirected
Quinn,Sivir,2,Undirected
Quinn,Trundle,2,Undirected
Graves,Quinn,1,Undirected
Kalista,Zilean,1,Undirected
JarvanIV,Trundle,1,Undirected
TahmKench,TwistedFate,1,Undirected
Kindred,Taric,1,Undirected
Taric,Zilean,1,Undirected
AurelionSol,Irelia,1,Undirected
Karma,Soraka,1,Undirected
Renekton,Soraka,1,Undirected
Braum,Renekton,2,Undirected
AurelionSol,Kindred,2,Undirected
Alistar,Twitch,2,Undirected
KogMaw,Vladimir,1,Undirected
Gangplank,Pantheon,1,Undirected
Jhin,Pantheon,1,Undirected
Karma,Pantheon,1,Undirected
AurelionSol,Taric,1,Undirected
Cassiopeia,Kindred,1,Undirected
Cassiopeia,Rammus,1,Undirected
Ezreal,Rammus,1,Undirected
Ezreal,MissFortune,1,Undirected
Caitlyn,Taliyah,2,Undirected
Elise,Singed,1,Undirected
Ryze,Singed,2,Undirected
Singed,TahmKench,1,Undirected
Leona,Poppy,1,Undirected
Azir,Khazix,1,Undirected
Braum,Camille,2,Undirected
Caitlyn,MissFortune,2,Undirected
Ashe,Sion,1,Undirected
Sion,Zed,1,Undirected
Sion,Zilean,1,Undirected
Brand,Camille,1,Undirected
Brand,Jayce,1,Undirected
Brand,Khazix,1,Undirected
Brand,KogMaw,1,Undirected
Camille,KogMaw,1,Undirected
Jayce,KogMaw,2,Undirected
Cassiopeia,MissFortune,2,Undirected
Janna,Renekton,1,Undirected
RekSai,Renekton,2,Undirected
Blitzcrank,Lissandra,1,Undirected
Draven,Xerath,1,Undirected
Jinx,Leona,1,Undirected
Caitlyn,Chogath,1,Undirected
Olaf,Xerath,1,Undirected
Bard,Urgot,1,Undirected
Ahri,Urgot,2,Undirected
Renekton,Sejuani,1,Undirected
Leona,Urgot,1,Undirected
Ekko,Nunu,1,Undirected
Urgot,Varus,1,Undirected
TwistedFate,Vladimir,1,Undirected
Jinx,Talon,1,Undirected
Maokai,Talon,2,Undirected
Diana,Ekko,2,Undirected
Gragas,Karthus,1,Undirected
Karthus,Ryze,1,Undirected
Ekko,JarvanIV,1,Undirected
Janna,Nocturne,1,Undirected
Nocturne,Shen,1,Undirected
Diana,Vladimir,1,Undirected
Evelynn,Gragas,1,Undirected
Evelynn,Vladimir,1,Undirected
Chogath,Gnar,1,Undirected
JarvanIV,Karthus,2,Undirected
Jinx,Shen,2,Undirected
Diana,Gnar,1,Undirected
Sion,Trundle,2,Undirected
Fiora,Leona,2,Undirected
Fiora,Fizz,1,Undirected
Poppy,Quinn,3,Undirected
Blitzcrank,Leblanc,1,Undirected
Blitzcrank,Trundle,1,Undirected
Anivia,Swain,1,Undirected
Hecarim,Maokai,1,Undirected
TahmKench,Twitch,3,Undirected
Trundle,Twitch,1,Undirected
Lissandra,Twitch,1,Undirected
Illaoi,Khazix,2,Undirected
Illaoi,Ryze,1,Undirected
Gnar,Pantheon,1,Undirected
KogMaw,Pantheon,1,Undirected
Lissandra,Pantheon,1,Undirected
Nami,Pantheon,1,Undirected
Fizz,Kassadin,2,Undirected
Kassadin,Syndra,1,Undirected
Braum,DrMundo,1,Undirected
Corki,DrMundo,3,Undirected
DrMundo,JarvanIV,1,Undirected
DrMundo,Jayce,1,Undirected
JarvanIV,Jayce,3,Undirected
DrMundo,Kassadin,1,Undirected
DrMundo,Veigar,1,Undirected
Veigar,Xerath,1,Undirected
Irelia,Karthus,1,Undirected
Karthus,Thresh,1,Undirected
Leona,Viktor,1,Undirected
DrMundo,Gnar,1,Undirected
DrMundo,Lissandra,2,Undirected
DrMundo,Urgot,1,Undirected
Lissandra,Urgot,1,Undirected
Morgana,Urgot,1,Undirected
Blitzcrank,Chogath,1,Undirected
Blitzcrank,Corki,1,Undirected
Chogath,Corki,1,Undirected
Jax,Nautilus,1,Undirected
Jax,Nunu,1,Undirected
Malzahar,Nunu,1,Undirected
Nautilus,Xerath,1,Undirected
Nidalee,RekSai,1,Undirected
Corki,Ziggs,1,Undirected
Hecarim,Ziggs,1,Undirected
Ahri,Evelynn,1,Undirected
Jinx,Shyvana,1,Undirected
Evelynn,Riven,1,Undirected
KogMaw,Vayne,1,Undirected
Evelynn,Leblanc,1,Undirected
Evelynn,Gnar,3,Undirected
Annie,Riven,1,Undirected
Kassadin,Riven,2,Undirected
Ahri,Kennen,2,Undirected
Hecarim,Zed,1,Undirected
Ekko,Evelynn,1,Undirected
Evelynn,Tristana,1,Undirected
Azir,DrMundo,2,Undirected
DrMundo,Olaf,1,Undirected
Irelia,Maokai,1,Undirected
Ezreal,Vayne,1,Undirected
Corki,Diana,2,Undirected
Diana,Fizz,1,Undirected
Diana,Kennen,1,Undirected
Diana,Malphite,1,Undirected
Evelynn,Malphite,1,Undirected
Khazix,Tristana,2,Undirected
Khazix,Nidalee,1,Undirected
Ryze,Vayne,2,Undirected
Talon,Vayne,1,Undirected
Katarina,Kayle,1,Undirected
Kayle,Khazix,3,Undirected
Irelia,Khazix,1,Undirected
Janna,Kayle,1,Undirected
Kayle,Orianna,1,Undirected
Kayle,Twitch,2,Undirected
Kayle,Morgana,1,Undirected
Kayle,Xerath,1,Undirected
Khazix,Xerath,1,Undirected
Lucian,Xerath,2,Undirected
Kassadin,Twitch,2,Undirected
Corki,Talon,1,Undirected
Fizz,Singed,1,Undirected
Janna,Singed,1,Undirected
Singed,Twitch,1,Undirected
Lucian,Yasuo,2,Undirected
Braum,Kayle,1,Undirected
Kayle,Yasuo,1,Undirected
TwistedFate,Twitch,1,Undirected
Nami,Twitch,3,Undirected
Rengar,Yasuo,1,Undirected
Evelynn,Syndra,1,Undirected
Akali,Janna,1,Undirected
Akali,Jayce,1,Undirected
Akali,Rengar,1,Undirected
Akali,Twitch,1,Undirected
DrMundo,Khazix,1,Undirected
DrMundo,Lucian,1,Undirected
DrMundo,Thresh,3,Undirected
Braum,Darius,1,Undirected
Braum,Riven,1,Undirected
Darius,Kennen,1,Undirected
Jinx,Kennen,2,Undirected
Annie,Darius,2,Undirected
Darius,Kassadin,1,Undirected
Darius,Lissandra,1,Undirected
Ekko,Yasuo,1,Undirected
Darius,Evelynn,1,Undirected
Darius,Karthus,1,Undirected
Evelynn,Karthus,1,Undirected
Orianna,Vladimir,1,Undirected
Diana,Olaf,1,Undirected
Graves,Olaf,1,Undirected
Darius,Diana,1,Undirected
Darius,Shen,1,Undirected
Anivia,Darius,1,Undirected
Darius,Sivir,1,Undirected
Kalista,Renekton,1,Undirected
Leblanc,Riven,1,Undirected
Riven,TahmKench,1,Undirected
JarvanIV,TahmKench,1,Undirected
Alistar,Zac,2,Undirected
Kalista,Riven,1,Undirected
Kassadin,Zac,1,Undirected
Riven,Zac,1,Undirected
Ekko,Zac,1,Undirected
Varus,Zac,2,Undirected
Bard,Jinx,2,Undirected
Jinx,Malzahar,2,Undirected
Rumble,Skarner,1,Undirected
Ryze,Skarner,1,Undirected
Orianna,Skarner,1,Undirected
Kennen,Zac,1,Undirected
Zac,Zyra,1,Undirected
Cassiopeia,Jayce,2,Undirected
Sejuani,Ziggs,1,Undirected
Sivir,Ziggs,1,Undirected
Ahri,Draven,2,Undirected
Draven,Lulu,1,Undirected
Gragas,Katarina,1,Undirected
Katarina,Lulu,1,Undirected
Ahri,Taric,1,Undirected
Ivern,Renekton,1,Undirected
Azir,Malzahar,2,Undirected
AurelionSol,Nautilus,1,Undirected
Fiora,Ivern,1,Undirected
Ivern,Orianna,1,Undirected
Braum,MissFortune,1,Undirected
DrMundo,Tristana,1,Undirected
DrMundo,Zed,1,Undirected
Lucian,Riven,1,Undirected
Quinn,Viktor,1,Undirected
Riven,Zed,1,Undirected
Malphite,Rumble,1,Undirected
Quinn,Rumble,1,Undirected
Diana,Poppy,1,Undirected
Anivia,Pantheon,1,Undirected
Anivia,Thresh,1,Undirected
Kalista,Pantheon,1,Undirected
Kindred,Pantheon,1,Undirected
Braum,Xerath,1,Undirected
Kindred,Taliyah,1,Undirected
Swain,Twitch,1,Undirected
Malphite,Vladimir,1,Undirected
Fiora,Jinx,1,Undirected
Fiora,Swain,2,Undirected
Jinx,Swain,1,Undirected
Ivern,Viktor,1,Undirected
Ahri,Illaoi,1,Undirected
Illaoi,Janna,1,Undirected
Illaoi,Jhin,1,Undirected
Jayce,Zed,1,Undirected
Ashe,Yorick,1,Undirected
Khazix,Yorick,1,Undirected
Malzahar,Yorick,1,Undirected
Syndra,Yorick,1,Undirected
Nautilus,Renekton,1,Undirected
Syndra,Tristana,1,Undirected
Ahri,Zac,1,Undirected
Karma,Zac,1,Undirected
Nidalee,Talon,1,Undirected
Gangplank,Nami,1,Undirected
Renekton,Swain,1,Undirected
Rengar,Swain,1,Undirected
Swain,TahmKench,1,Undirected
Bard,Renekton,1,Undirected
Bard,Rengar,1,Undirected
Viktor,Zilean,1,Undirected
Nautilus,Warwick,1,Undirected
Talon,Warwick,1,Undirected
Thresh,Warwick,1,Undirected
Kayle,Shen,1,Undirected
Kayle,Zyra,1,Undirected
Anivia,Khazix,1,Undirected
Brand,Orianna,1,Undirected
Rengar,TwistedFate,1,Undirected
Nami,Taliyah,1,Undirected
Illaoi,Nami,1,Undirected
Illaoi,Syndra,1,Undirected
Vladimir,Zilean,1,Undirected
AurelionSol,Fizz,1,Undirected
Evelynn,Renekton,1,Undirected
Evelynn,Talon,1,Undirected
Kassadin,Khazix,2,Undirected
Camille,Nami,1,Undirected
Khazix,Kled,1,Undirected
Kled,Syndra,1,Undirected
Camille,Vayne,1,Undirected
AurelionSol,Twitch,1,Undirected
Gangplank,Rumble,1,Undirected
Gangplank,Ryze,1,Undirected
JarvanIV,LeeSin,1,Undirected
JarvanIV,Varus,2,Undirected
JarvanIV,Zyra,1,Undirected
Lulu,Twitch,2,Undirected
